Message ID,Error ID,PS4 Error Code,Message,English
1,2000,ERROR_CODE_SYSTEM_NOT_DEBUG,通信エラーが発生しました。,A communication error has occurred.
1,3000,ERROR_CODE_NET_WRITE_PACKET_ERROR,通信エラーが発生しました。,A communication error has occurred.
1,3001,ERROR_CODE_NET_READ_PACKET_ERROR,通信エラーが発生しました。,A communication error has occurred.
1,3002,ERROR_CODE_NET_NOT_CONNECT_DATAMANAGER,通信エラーが発生しました。,A communication error has occurred.
1,3003,ERROR_CODE_NET_DATAMANAGER_SEND_ERROR,通信エラーが発生しました。,A communication error has occurred.
1,3004,ERROR_CODE_NET_NOT_CONNECT_QUEST_SERVER,通信エラーが発生しました。,A communication error has occurred.
1,3005,ERROR_CODE_NET_QUEST_SERVER_SEND_ERROR,通信エラーが発生しました。,A communication error has occurred.
1,6000,ERROR_CODE_AUTH_PASSWORD_ERROR,通信エラーが発生しました。,A communication error has occurred.
1,6001,ERROR_CODE_AUTH_INVALID_CHARACTER,通信エラーが発生しました。,A communication error has occurred.
1,6002,ERROR_CODE_AUTH_NOT_LOGIN,通信エラーが発生しました。,A communication error has occurred.
1,7000,ERROR_CODE_LOBBY_JOIN_NUM_OVER,"選択したロビーが満員です。
他のロビーを選択してください。",The lobby is full; Please select another lobby.
1,7001,ERROR_CODE_LOBBY_ALREADY_JOINED,通信エラーが発生しました。,A communication error has occurred.
1,7002,ERROR_CODE_LOBBY_INVALID_LOBBY_NO,通信エラーが発生しました。,A communication error has occurred.
1,7003,ERROR_CODE_LOBBY_DIFFERENT_VERSION,通信エラーが発生しました。,A communication error has occurred.
1,7004,ERROR_CODE_LOBBY_NOT_JOINED,通信エラーが発生しました。,A communication error has occurred.
1,7005,ERROR_CODE_LOBBY_FATAL_INDEX_ARRAY_OVER,通信エラーが発生しました。,A communication error has occurred.
1,7006,ERROR_CODE_LOBBY_FATAL_INVALID_ROOM_INDEX,通信エラーが発生しました。,A communication error has occurred.
1,7007,ERROR_CODE_LOBBY_FATAL_NOT_CREATED,通信エラーが発生しました。,A communication error has occurred.
1,8000,ERROR_CODE_PARTY_INTERNAL_ERROR,"パーティー、メンバーが見つかりませんでした。
すでに存在しないパーティー、メンバーの可能性があります。",
1,8001,ERROR_CODE_PARTY_CREATE_ERROR,通信エラーが発生しました。,A communication error has occurred.
1,8002,ERROR_CODE_PARTY_PARTY_NO_ERROR,"パーティー、メンバーが見つかりませんでした。
すでに存在しないパーティー、メンバーの可能性があります。",The party or the member was not found because neither the party or member currently exist
1,8003,ERROR_CODE_PARTY_STATE_ERROR,"パーティーの状態に変更がありました。
もう一度お試しください。",The state of the party was modified. Please try again in a moment.
1,8004,ERROR_CODE_PARTY_JOIN_CONDITION_ERROR,パーティーに参加する条件を満たしていません。,You did not fulfil the requirements to join the party.
1,8005,ERROR_CODE_PARTY_ALREADY_JOINED,通信エラーが発生しました。,A communication error has occurred.
1,8006,ERROR_CODE_PARTY_NOT_JOINED,パーティー参加処理を完了できませんでした。,
1,8007,ERROR_CODE_PARTY_IS_NOT_LEADER,パーティーリーダーではないためできません。,
1,8008,ERROR_CODE_PARTY_LEADER_ABSENCE,パーティーリーダーが不在です。,
1,8009,ERROR_CODE_PARTY_HOST_ABSENCE,通信エラーが発生しました。,A communication error has occurred.
1,8010,ERROR_CODE_PARTY_JOIN_NUM_OVER,パーティーメンバーの上限を超えるため誘えません。,
1,8011,ERROR_CODE_PARTY_JOIN_NUM_ERROR,通信エラーが発生しました。,A communication error has occurred.
1,8012,ERROR_CODE_PARTY_KICK_OWN,通信エラーが発生しました。,A communication error has occurred.
1,8013,ERROR_CODE_PARTY_NOT_FOUNDED,"通信エラーが発生しました。
すでに存在しないパーティ、メンバーの可能性があります。",
1,8014,ERROR_CODE_PARTY_FATAL_INDEX_ARRAY_OVER,通信エラーが発生しました。,A communication error has occurred.
1,8015,ERROR_CODE_PARTY_NOT_JOIN_MYPAWN,通信エラーが発生しました。,A communication error has occurred.
1,9000,ERROR_CODE_MATCHING_NOT_PLAY_ENTRY,通信エラーが発生しました。,A communication error has occurred.
1,9001,ERROR_CODE_MATCHING_ALREADY_PLAY_ENTRY,通信エラーが発生しました。,A communication error has occurred.
1,9002,ERROR_CODE_MATCHING_NOT_PLAY_START,通信エラーが発生しました。,A communication error has occurred.
1,11000,ERROR_CODE_PAWN_NOT_FOUNDED,通信エラーが発生しました。,A communication error has occurred.
1,11001,ERROR_CODE_PAWN_ALREADY_RENTED,すでにレンタルしているポーンです。,
1,11002,ERROR_CODE_PAWN_NOT_YOUR_PAWN,通信エラーが発生しました。,A communication error has occurred.
1,11003,ERROR_CODE_PAWN_NO_CRAFT_COUNT,通信エラーが発生しました。,A communication error has occurred.
1,11004,ERROR_CODE_PAWN_NO_ADVENTURE_COUNT,通信エラーが発生しました。,A communication error has occurred.
1,12000,ERROR_CODE_QUEST_INTERNAL_ERROR,通信エラーが発生しました。,A communication error has occurred.
1,12001,ERROR_CODE_QUEST_ALREADY_ORDER,通信エラーが発生しました。,A communication error has occurred.
1,12002,ERROR_CODE_QUEST_NOT_ORDER,通信エラーが発生しました。,A communication error has occurred.
1,12003,ERROR_CODE_QUEST_CANT_ORDER,通信エラーが発生しました。,A communication error has occurred.
1,12004,ERROR_CODE_QUEST_SCRIPT_EXECUTE_ERROR,通信エラーが発生しました。,A communication error has occurred.
1,12005,ERROR_CODE_QUEST_SCRIPT_CHECK_ERROR,通信エラーが発生しました。,A communication error has occurred.
1,12006,ERROR_CODE_QUEST_CANT_DERIVERY_ITEM,通信エラーが発生しました。,A communication error has occurred.
1,12007,ERROR_CODE_QUEST_NOT_CHECK_DERIVERY_ITEM,通信エラーが発生しました。,A communication error has occurred.
1,12008,ERROR_CODE_QUEST_NOT_DERIVER_ITEM,"納品対象と異なるアイテムのため
アイテムの納品に失敗しました。",
1,12009,ERROR_CODE_QUEST_DONT_HAVE_DELIVERY_ITEM,通信エラーが発生しました。,A communication error has occurred.
1,12010,ERROR_CODE_QUEST_NOT_ENOUGH_DERIVERYED_ITEM,指定された個数を満たしていません。,
1,12011,ERROR_CODE_QUEST_OVERRUN_DELIVER_ITEM,"指定された個数を満たしています。
これ以上納品できません。",
1,12012,ERROR_CODE_QUEST_NOT_EXIST_REWARD_BOX_LIST_NO,通信エラーが発生しました。,A communication error has occurred.
1,12013,ERROR_CODE_QUEST_UNKNOWN_QUEST_SCHEDULE_ID,通信エラーが発生しました。,A communication error has occurred.
1,12014,ERROR_CODE_QUEST_UNKNOWN_SCRIPT_COMMAND,通信エラーが発生しました。,A communication error has occurred.
1,12015,ERROR_CODE_QUEST_UNKNOWN_PROCESS_NO,通信エラーが発生しました。,A communication error has occurred.
1,12016,ERROR_CODE_QUEST_UNKNOWN_SEQUENCE_NO,通信エラーが発生しました。,A communication error has occurred.
1,12017,ERROR_CODE_QUEST_UNKNOWN_BLOCK_NO,通信エラーが発生しました。,A communication error has occurred.
1,12018,ERROR_CODE_QUEST_SCRIPT_IS_NOT_SET,通信エラーが発生しました。,A communication error has occurred.
1,12019,ERROR_CODE_QUEST_DETAIL_IS_NOT_SET,通信エラーが発生しました。,A communication error has occurred.
1,12020,ERROR_CODE_QUEST_DATA_CACHE_DEFFERENT_VERSION,通信エラーが発生しました。,A communication error has occurred.
1,12021,ERROR_CODE_QUEST_QUEST_END_DATE_OVER,"通信エラーが発生しました。
クエストの終了日時を越えています。",
1,12022,ERROR_CODE_QUEST_DATA_CACHE_NONE,"受注しているクエストの配信期間が終了しています。
通信エラーが引き続き表示される場合は、
ゲームに再度ログインし直してください。",
1,12023,ERROR_CODE_QUEST_ORDER_CONDITION_NG,"クエストの受注条件、もしくは進行条件を
満たせませんでした。",
1,12024,ERROR_CODE_QUEST_NOT_LIGHT_QUEST,通信エラーが発生しました。,A communication error has occurred.
1,12025,ERROR_CODE_QUEST_LEADER_NOT_ORDER,通信エラーが発生しました。,A communication error has occurred.
1,12026,ERROR_CODE_QUEST_DIFFERENT_PROGRESS,通信エラーが発生しました。,A communication error has occurred.
1,12027,ERROR_CODE_QUEST_ORDER_FULL,クエストの受注数が上限を超えています。,
1,12028,ERROR_CODE_QUEST_LEADER_ORDER_FULL,"リーダーのクエストの受注数が
上限を超えています。",
1,13000,ERROR_CODE_CYCLE_CONTENTS_PERIOD_OUTSIDE,通信エラーが発生しました。,A communication error has occurred.
1,13001,ERROR_CODE_CYCLE_CONTENTS_INVALID_SCHEDULE_ID,対象のグランドミッションは存在していません。,
1,13002,ERROR_CODE_CYCLE_CONTENTS_PLAY_TIME_NOT_SET,通信エラーが発生しました。,A communication error has occurred.
1,13003,ERROR_CODE_CYCLE_CONTENTS_REWARD_NONE,通信エラーが発生しました。,A communication error has occurred.
1,14000,ERROR_CODE_ITEM_INTERNAL_ERROR,通信エラーが発生しました。,A communication error has occurred.
1,14001,ERROR_CODE_ITEM_NOT_FOUND,通信エラーが発生しました。,A communication error has occurred.
1,14002,ERROR_CODE_ITEM_NUM_SHORT,通信エラーが発生しました。,A communication error has occurred.
1,14003,ERROR_CODE_ITEM_STORAGE_OVERFLOW,"空きスペースが足りないため、
アイテムを受け取れません。",
1,14004,ERROR_CODE_ITEM_INVALID_ITEM_CATEGORY,アイテムの処理に失敗しました。,
1,14005,ERROR_CODE_ITEM_INVALID_EQUIP_CATEGORY,通信エラーが発生しました。,A communication error has occurred.
1,14006,ERROR_CODE_ITEM_INVALID_MASTER_DATA_MAX_STACK_NUM,通信エラーが発生しました。,A communication error has occurred.
1,14007,ERROR_CODE_ITEM_INVALID_UID,アイテムの処理に失敗しました。,
1,14008,ERROR_CODE_ITEM_CACHE_UPDATE_FAILED,アイテムの処理に失敗しました。,
1,14009,ERROR_CODE_ITEM_INVALID_EQUIP_SLOT,アイテムの処理に失敗しました。,
1,15000,ERROR_CODE_CHARACTER_DATA_CREATE_FAILED,通信エラーが発生しました。,A communication error has occurred.
1,15001,ERROR_CODE_CHARACTER_DATA_NO_GOLD,通信エラーが発生しました。,A communication error has occurred.
1,15002,ERROR_CODE_CHARACTER_DATA_NO_RIM,通信エラーが発生しました。,A communication error has occurred.
1,15003,ERROR_CODE_CHARACTER_DATA_NO_DORB,通信エラーが発生しました。,A communication error has occurred.
1,15004,ERROR_CODE_CHARACTER_DATA_LV_MAX,通信エラーが発生しました。,A communication error has occurred.
1,15005,ERROR_CODE_CHARACTER_PARAM_NOT_FOUND,通信エラーが発生しました。,A communication error has occurred.
1,15006,ERROR_CODE_CHARACTER_ITEM_NOT_FOUND,通信エラーが発生しました。,A communication error has occurred.
1,15007,ERROR_CODE_CHARACTER_EQUIP_NOT_FOUND,通信エラーが発生しました。,A communication error has occurred.
1,15008,ERROR_CODE_CHARACTER_PAWN_PARAM_NOT_FOUND,通信エラーが発生しました。,A communication error has occurred.
1,15009,ERROR_CODE_CHARACTER_DATA_INVALID_OBJECTIVE_NO,通信エラーが発生しました。,A communication error has occurred.
1,15010,ERROR_CODE_CHARACTER_DATA_INVALID_OBJECTIVE_TYPE,通信エラーが発生しました。,A communication error has occurred.
1,15011,ERROR_CODE_CHARACTER_DATA_INVALID_CHARACTER_ID,通信エラーが発生しました。,A communication error has occurred.
1,16000,ERROR_CODE_INSTANCE_AREA_PARTY_NOT_JOINED,パーティーに参加していません。,
1,16001,ERROR_CODE_INSTANCE_AREA_ENEMY_GROUP_NOT_CREATED,通信エラーが発生しました。,A communication error has occurred.
1,16002,ERROR_CODE_INSTANCE_AREA_FATAL_ENEMY_INSTANCE_INITIALIZE_ERROR,通信エラーが発生しました。,A communication error has occurred.
1,16003,ERROR_CODE_INSTANCE_AREA_ITEM_GROUP_NOT_CREATED,通信エラーが発生しました。,A communication error has occurred.
1,16004,ERROR_CODE_INSTANCE_AREA_INVALID_GATHERING_ITEM_POS_ID,通信エラーが発生しました。,A communication error has occurred.
1,16005,ERROR_CODE_INSTANCE_AREA_FATAL_ITEM_INSTANCE_INITIALIZE_ERROR,通信エラーが発生しました。,A communication error has occurred.
1,16006,ERROR_CODE_INSTANCE_AREA_GATHERING_ITEM_REQUEST_NUM_OVER,通信エラーが発生しました。,A communication error has occurred.
1,16007,ERROR_CODE_INSTANCE_AREA_INVALID_STAGE_ID,通信エラーが発生しました。,A communication error has occurred.
1,16008,ERROR_CODE_INSTANCE_AREA_NOT_AREA_CHANGED_YET,通信エラーが発生しました。,A communication error has occurred.
1,16009,ERROR_CODE_INSTANCE_AREA_INVALID_OM_DATA_KEY,通信エラーが発生しました。,A communication error has occurred.
1,16010,ERROR_CODE_INSTANCE_AREA_INVALID_DROP_ITEM_ID,通信エラーが発生しました。,A communication error has occurred.
1,16011,ERROR_CODE_INSTANCE_AREA_DROP_ITEM_REQUEST_NUM_OVER,通信エラーが発生しました。,A communication error has occurred.
1,17000,ERROR_CODE_TIMER_INTERNAL_ERROR,通信エラーが発生しました。,A communication error has occurred.
1,18000,ERROR_CODE_CRAFT_NO_CRAFT_PAWN,通信エラーが発生しました。,A communication error has occurred.
1,18001,ERROR_CODE_CRAFT_PAWN_WORKING,通信エラーが発生しました。,A communication error has occurred.
1,18002,ERROR_CODE_CRAFT_PAWN_DOUBLE_BOOKING,通信エラーが発生しました。,A communication error has occurred.
1,18003,ERROR_CODE_CRAFT_PAWN_CANT_WORK,通信エラーが発生しました。,A communication error has occurred.
1,18004,ERROR_CODE_CRAFT_PAWN_CRAFT_COUNT_OVER,通信エラーが発生しました。,A communication error has occurred.
1,18005,ERROR_CODE_CRAFT_RECIPE_NOT_FOUND,通信エラーが発生しました。,A communication error has occurred.
1,18006,ERROR_CODE_CRAFT_RECIPE_MATERIAL_NOT_MATCH,通信エラーが発生しました。,A communication error has occurred.
1,18007,ERROR_CODE_CRAFT_LOWER_SKILL_LEVEL,通信エラーが発生しました。,A communication error has occurred.
1,18008,ERROR_CODE_CRAFT_NO_CRAFT_POINT,通信エラーが発生しました。,A communication error has occurred.
1,18009,ERROR_CODE_CRAFT_INVALID_CRAFT_SKILL_TYPE,通信エラーが発生しました。,A communication error has occurred.
1,18010,ERROR_CODE_CRAFT_ELEMENT_SLOT_OCCUPIED,通信エラーが発生しました。,A communication error has occurred.
1,18011,ERROR_CODE_CRAFT_ELEMENT_SLOT_NOT_OCCUPIED,通信エラーが発生しました。,A communication error has occurred.
1,19000,ERROR_CODE_WARP_INVALID_WARP_POINT_ID,通信エラーが発生しました。,A communication error has occurred.
1,20000,ERROR_CODE_FRIEND_TARGET_PARAM_NOT_FOUND,申請した相手がオフラインになりました。,
1,20001,ERROR_CODE_FRIEND_INVARID_FRIEND_NO,フレンドではないためできませんでした。,
1,20002,ERROR_CODE_FRIEND_LIST_SIZE_OVER,どちらかのフレンド登録が上限を超えています。,
1,21000,ERROR_CODE_SKILL_PARAM_NOT_FOUND,通信エラーが発生しました。,A communication error has occurred.
1,21001,ERROR_CODE_SKILL_ALREADY_LEARN,通信エラーが発生しました。,A communication error has occurred.
1,21002,ERROR_CODE_SKILL_PRIOR_SKILL_NOT_LEARN,通信エラーが発生しました。,A communication error has occurred.
1,21003,ERROR_CODE_SKILL_JOB_NOT_MATCH,通信エラーが発生しました。,A communication error has occurred.
1,21004,ERROR_CODE_SKILL_JOB_LEVEL_LACK,通信エラーが発生しました。,A communication error has occurred.
1,21005,ERROR_CODE_SKILL_JOB_POINT_LACK,通信エラーが発生しました。,A communication error has occurred.
1,21006,ERROR_CODE_SKILL_NOT_YET_UNLOCK,通信エラーが発生しました。,A communication error has occurred.
1,21007,ERROR_CODE_SKILL_NOT_YET_LEARN,通信エラーが発生しました。,A communication error has occurred.
1,21008,ERROR_CODE_SKILL_INVALID_SLOT_NO,通信エラーが発生しました。,A communication error has occurred.
1,21009,ERROR_CODE_SKILL_INVALID_SKILL_ID,通信エラーが発生しました。,A communication error has occurred.
1,21010,ERROR_CODE_SKILL_ALREADY_SET_SKILL,通信エラーが発生しました。,A communication error has occurred.
1,21011,ERROR_CODE_SKILL_ALREADY_RELEASE,通信エラーが発生しました。,A communication error has occurred.
1,21012,ERROR_CODE_SKILL_NO_UNLOCK_ITEM,通信エラーが発生しました。,A communication error has occurred.
1,21013,ERROR_CODE_SKILL_COST_OVER,通信エラーが発生しました。,A communication error has occurred.
1,8016,ERROR_CODE_PARTY_NOT_ENTRY,パーティーへの誘いがキャンセルされました。,
1,9003,ERROR_CODE_MATCHING_ALREADY_PLAY_START,通信エラーが発生しました。,A communication error has occurred.
1,9004,ERROR_CODE_MATCHING_NOT_PLAY_INTERRUPT,通信エラーが発生しました。,A communication error has occurred.
1,9005,ERROR_CODE_MATCHING_ALREADY_PLAY_INTERRUPT,通信エラーが発生しました。,A communication error has occurred.
1,9006,ERROR_CODE_MATCHING_NOT_PLAY_INTERRUPT_REQUEST,通信エラーが発生しました。,A communication error has occurred.
1,9007,ERROR_CODE_MATCHING_ALREADY_PLAY_INTERRUPT_REQUEST,すでにコンテンツ中断確認がおこなわれています。,
1,9008,ERROR_CODE_MATCHING_NOT_PLAY_INTERRUPT_ANSWER,通信エラーが発生しました。,A communication error has occurred.
1,9009,ERROR_CODE_MATCHING_ALREADY_PLAY_INTERRUPT_ANSWER,通信エラーが発生しました。,A communication error has occurred.
1,8017,ERROR_CODE_PARTY_ALREADY_ENTRY,通信エラーが発生しました。,A communication error has occurred.
1,8018,ERROR_CODE_PARTY_NOT_INVITED,パーティーへの誘いがキャンセルされました。,
1,8019,ERROR_CODE_PARTY_NOT_INVITED_PARTY,"通信エラーが発生しました。
すでに存在しないパーティ、メンバーの可能性があります。",
1,12029,ERROR_CODE_QUEST_REWARD_BOX_OVER_SELECT_ITEM,通信エラーが発生しました。,A communication error has occurred.
1,12030,ERROR_CODE_QUEST_PRIORITY_QUEST_SET_OVER,優先クエストの受注数が上限を超えています,
1,12031,ERROR_CODE_QUEST_PRIORITY_QUEST_NOT_EXIST,通信エラーが発生しました。,A communication error has occurred.
1,12032,ERROR_CODE_QUEST_PROGRESS_WORK_SAVE_FAILED,通信エラーが発生しました。,A communication error has occurred.
1,12033,ERROR_CODE_QUEST_SCRIPT_ERROR,通信エラーが発生しました。,A communication error has occurred.
1,12034,ERROR_CODE_QUEST_IS_LOCK,通信エラーが発生しました。,A communication error has occurred.
1,12035,ERROR_CODE_QUEST_PRIORITY_QUEST_ALREADY_SET,通信エラーが発生しました。,A communication error has occurred.
1,12036,ERROR_CODE_QUEST_ADD_ITEM_FAILED,通信エラーが発生しました。,A communication error has occurred.
1,12037,ERROR_CODE_QUEST_UNSUPPORTED_QUEST_TYPE,通信エラーが発生しました。,A communication error has occurred.
1,12038,ERROR_CODE_QUEST_ALREADY_START_TIMEKEEPING,通信エラーが発生しました。,A communication error has occurred.
1,8020,ERROR_CODE_PARTY_INVITE_FAIL_REASON_SERVER,通信エラーが発生しました。,A communication error has occurred.
1,8021,ERROR_CODE_PARTY_INVITE_FAIL_REASON_TIMEOUT,パーティーへの誘いがタイムアウトしました。,
1,8022,ERROR_CODE_PARTY_INVITE_FAIL_REASON_CANCEL,要請が拒否されました。,
1,8023,ERROR_CODE_PARTY_INVITE_FAIL_REASON_NO_LEADER,相手のパーティーのリーダーがいません。,
1,8024,ERROR_CODE_PARTY_INVITE_FAIL_REASON_CHANGED,"相手のパーティーの状態が変わりました。
もう一度お試しください。",
1,8025,ERROR_CODE_PARTY_INVITE_CANCEL_REASON_SERVER,通信エラーが発生しました。,A communication error has occurred.
1,8026,ERROR_CODE_PARTY_INVITE_CANCEL_REASON_TIMEOUT,パーティーへの誘いがタイムアウトしました。,
1,8027,ERROR_CODE_PARTY_INVITE_CANCEL_REASON_NO_PARTY,相手のパーティーが無くなりました。,
1,8028,ERROR_CODE_PARTY_INVITE_CANCEL_REASON_SERVER_FULL,移動先のサーバーが満員です。,
1,8029,ERROR_CODE_PARTY_INVITE_CANCEL_REASON_CANCEL,相手のパーティーの都合によりキャンセルされました。,
1,29000,ERROR_CODE_ORB_DEVOTE_INVALID_ELEMENT_ID,通信エラーが発生しました。,A communication error has occurred.
1,29001,ERROR_CODE_ORB_DEVOTE_ORB_LACK,通信エラーが発生しました。,A communication error has occurred.
1,29002,ERROR_CODE_ORB_DEVOTE_ALREADY_RELEASE,通信エラーが発生しました。,A communication error has occurred.
1,29003,ERROR_CODE_ORB_DEVOTE_ELEMENT_NOT_CONNECT,通信エラーが発生しました。,A communication error has occurred.
1,29004,ERROR_CODE_ORB_DEVOTE_LACK_GROUP_COMPLETE_NUM,通信エラーが発生しました。,A communication error has occurred.
1,29005,ERROR_CODE_ORB_DEVOTE_NOT_COMPLETE_TRUNK,通信エラーが発生しました。,A communication error has occurred.
1,29006,ERROR_CODE_ORB_DEVOTE_NOT_COMPLETE_PRE_PAGE,通信エラーが発生しました。,A communication error has occurred.
1,29007,ERROR_CODE_ORB_DEVOTE_INTERNAL_ERROR,通信エラーが発生しました。,A communication error has occurred.
1,13004,ERROR_CODE_CYCLE_CONTENTS_ALREADY_GET_REWARD,通信エラーが発生しました。,A communication error has occurred.
1,12039,ERROR_CODE_QUEST_CAN_NOT_CANCEL_QUEST,通信エラーが発生しました。,A communication error has occurred.
1,12040,ERROR_CODE_QUEST_PROGRESS_CHARACTER_NOT_EXIST,通信エラーが発生しました。,A communication error has occurred.
1,12041,ERROR_CODE_QUEST_PROGRESS_DIFFERENT_LEADER,通信エラーが発生しました。,A communication error has occurred.
1,30000,ERROR_CODE_ENTRY_BOARD_NO_BOARD,エントリーボードが無くなりました。,
1,12042,ERROR_CODE_QUEST_DELIVER_ITEM_STORAGE_ERROR,通信エラーが発生しました。,A communication error has occurred.
1,15012,ERROR_CODE_CHARACTER_REVIVE_POINT_FULL,通信エラーが発生しました。,A communication error has occurred.
1,15013,ERROR_CODE_CHARACTER_REVIVE_POINT_BACKORDER,通信エラーが発生しました。,A communication error has occurred.
1,15014,ERROR_CODE_CHARACTER_REVIVE_POINT_LACK,通信エラーが発生しました。,A communication error has occurred.
1,15015,ERROR_CODE_CHARACTER_DATA_INVALID_NAME,この名前は使用できません。,
1,15016,ERROR_CODE_CHARACTER_DATA_INVALID_EDIT_PARAM,通信エラーが発生しました。,A communication error has occurred.
1,15017,ERROR_CODE_CHARACTER_DATA_INVALID_JOB_ID,通信エラーが発生しました。,A communication error has occurred.
1,15018,ERROR_CODE_CHARACTER_DATA_CREATE_NUM_OVER,通信エラーが発生しました。,A communication error has occurred.
1,18012,ERROR_CODE_CRAFT_INVALID_ELEMENT_SLOT,通信エラーが発生しました。,A communication error has occurred.
1,18013,ERROR_CODE_CRAFT_PRODUCT_NOT_COMPLETE,通信エラーが発生しました。,A communication error has occurred.
1,18014,ERROR_CODE_CRAFT_CRAFT_RANK_NOT_ENOUGH,通信エラーが発生しました。,A communication error has occurred.
1,18015,ERROR_CODE_CRAFT_INVALID_SP_MATERIAL,通信エラーが発生しました。,A communication error has occurred.
1,18016,ERROR_CODE_CRAFT_SP_MATERIAL_RANK_OVER,通信エラーが発生しました。,A communication error has occurred.
1,18017,ERROR_CODE_CRAFT_NOT_EQUIP_ITEM,通信エラーが発生しました。,A communication error has occurred.
1,18018,ERROR_CODE_CRAFT_INVALID_ELEMENT_MATERIAL,通信エラーが発生しました。,A communication error has occurred.
1,18019,ERROR_CODE_CRAFT_ITEM_GRADE_NOT_ENOUGH,通信エラーが発生しました。,A communication error has occurred.
1,24000,ERROR_CODE_JOBCHANGE_INTERNAL_ERROR,通信エラーが発生しました。,A communication error has occurred.
1,24001,ERROR_CODE_JOBCHANGE_JOB_LOCKED,通信エラーが発生しました。,A communication error has occurred.
1,24002,ERROR_CODE_JOBCHANGE_SAME_JOB,通信エラーが発生しました。,A communication error has occurred.
1,24003,ERROR_CODE_JOBCHANGE_JOB_POINT_LACK,通信エラーが発生しました。,A communication error has occurred.
1,24004,ERROR_CODE_JOBCHANGE_ITEM_CAPACITY_OVER,保管ボックスの空きが足りません。,
1,24005,ERROR_CODE_JOBCHANGE_NO_WEAPON,"装備できる武器がみつからないため
ジョブチェンジに失敗しました。",
1,33000,ERROR_CODE_CLIENT_REQ_ERROR,通信エラーが発生しました。,A communication error has occurred.
1,33001,ERROR_CODE_CLIENT_REQ_TIMEOUT,通信エラーが発生しました。,A communication error has occurred.
1,3006,ERROR_CODE_NET_NOT_CONNECT_IMMIGRATION_SERVER,通信エラーが発生しました。,A communication error has occurred.
1,3007,ERROR_CODE_NET_IMMIGRATION_SERVER_SEND_ERROR,通信エラーが発生しました。,A communication error has occurred.
1,3008,ERROR_CODE_NET_NOT_CONNECT_GAME_SERVER,通信エラーが発生しました。,A communication error has occurred.
1,3009,ERROR_CODE_NET_GAME_SERVER_SEND_ERROR,通信エラーが発生しました。,A communication error has occurred.
1,3010,ERROR_CODE_NET_NOT_CONNECT_COMMUNITY_SERVER,通信エラーが発生しました。,A communication error has occurred.
1,3011,ERROR_CODE_NET_COMMUNITY_SERVER_SEND_ERROR,通信エラーが発生しました。,A communication error has occurred.
1,3012,ERROR_CODE_NET_NOT_CONNECT_CHARACTER_DATA_SERVER,通信エラーが発生しました。,A communication error has occurred.
1,3013,ERROR_CODE_NET_CHARACTER_DATA_SERVER_SEND_ERROR,通信エラーが発生しました。,A communication error has occurred.
1,8030,ERROR_CODE_PARTY_INVITE_FAIL_REASON_NOT_LEADER,"パーティーリーダーではないプレイヤーを
パーティーに誘うことができません。",
1,8031,ERROR_CODE_PARTY_ALREADY_INVITE,すでにパーティー参加の誘いを行っています,
1,8032,ERROR_CODE_PARTY_ALREADY_INVITED,すでにパーティーに誘われています,
1,8033,ERROR_CODE_PARTY_INVITE_IS_NOT_BASE,"白竜神殿かリムストーンのある拠点施設に
いないプレイヤーのためできませんでした。
",
1,11005,ERROR_CODE_PAWN_REGISTERD_DATA_UPDATED,"登録されているポーンの状態に変更がありました。
もう一度お試しください。",
1,11006,ERROR_CODE_PAWN_NO_MYPAWN,通信エラーが発生しました。,A communication error has occurred.
1,11007,ERROR_CODE_PAWN_INVALID_SLOT_NO,通信エラーが発生しました。,A communication error has occurred.
1,11008,ERROR_CODE_PAWN_NO_RANDOM_EDIT_DATA,通信エラーが発生しました。,A communication error has occurred.
1,11009,ERROR_CODE_PAWN_CREATE_NUM_OVER,通信エラーが発生しました。,A communication error has occurred.
1,11010,ERROR_CODE_PAWN_RENTAL_NUM_OVER,通信エラーが発生しました。,A communication error has occurred.
1,14010,ERROR_CODE_ITEM_INVALID_STORAGE_TYPE,アイテムを受け取ることができませんでした。,
1,14011,ERROR_CODE_ITEM_INVALID_SLOT_NO,アイテムの処理に失敗しました。,
1,14012,ERROR_CODE_ITEM_INVALID_ITEM_NUM,アイテムの処理に失敗しました。,
1,14013,ERROR_CODE_ITEM_KEY_ITEM_ONLY_BAG,通信エラーが発生しました。,A communication error has occurred.
1,14014,ERROR_CODE_ITEM_KEY_ITEM_CANT_SEPARATE,通信エラーが発生しました。,A communication error has occurred.
1,14015,ERROR_CODE_ITEM_INVALID_EQUIP_JOB,通信エラーが発生しました。,A communication error has occurred.
1,14016,ERROR_CODE_ITEM_INVALID_EQUIP_LEVEL,通信エラーが発生しました。,A communication error has occurred.
1,16012,ERROR_CODE_INSTANCE_AREA_GATHERING_ITEM_ERROR,通信エラーが発生しました。,A communication error has occurred.
1,16013,ERROR_CODE_INSTANCE_AREA_DONT_HAVE_GATHERING_ITEM,通信エラーが発生しました。,A communication error has occurred.
1,16014,ERROR_CODE_INSTANCE_AREA_GATHERING_ITEM_NOT_MATCH,通信エラーが発生しました。,A communication error has occurred.
1,18020,ERROR_CODE_CRAFT_SKILL_LEVEL_OVER,通信エラーが発生しました。,A communication error has occurred.
1,19001,ERROR_CODE_WARP_ALREADY_RELEASE_WARP_POINT_ID,通信エラーが発生しました。,A communication error has occurred.
1,19002,ERROR_CODE_WARP_INVALID_FAVORITE_SLOT_NO,通信エラーが発生しました。,A communication error has occurred.
1,19003,ERROR_CODE_WARP_LACK_RIM,通信エラーが発生しました。,A communication error has occurred.
1,19004,ERROR_CODE_WARP_DIFFERENCE_PRICE,金額の変更があったためキャンセルしました。,
1,19005,ERROR_CODE_WARP_LACK_RELEASE_AREA_RANK,解放に必要なエリアランクを満たしていません。,
1,19006,ERROR_CODE_WARP_LACK_RELEASE_QUEST_PROGRESS,解放に必要なクエストの進行を満たしていません。,
1,19007,ERROR_CODE_WARP_LACK_RELEASE_CONDITION,"解放に必要なエリアランク、
クエストの進行を満たしていません",
1,19008,ERROR_CODE_WARP_LAST_PARTY_WARP_INFO_NOT_FOUND,通信エラーが発生しました。,A communication error has occurred.
1,19009,ERROR_CODE_WARP_PARTY_WARP_TIME_OUT,同行ワープの承諾時間が切れました。,
1,19010,ERROR_CODE_WARP_WARP_POINT_NOT_FOUND,通信エラーが発生しました。,A communication error has occurred.
1,21014,ERROR_CODE_SKILL_INVALID_PRESET_NO,通信エラーが発生しました。,A communication error has occurred.
1,22000,ERROR_CODE_SHOP_INVALID_SHOP_NO,通信エラーが発生しました。,A communication error has occurred.
1,22001,ERROR_CODE_SHOP_INVALID_GOODS_INDEX,通信エラーが発生しました。,A communication error has occurred.
1,22002,ERROR_CODE_SHOP_INVALID_ITEM_UID,通信エラーが発生しました。,A communication error has occurred.
1,22003,ERROR_CODE_SHOP_INVALID_DEAL_NUM,取引個数指定にあやまりがあります。,
1,22004,ERROR_CODE_SHOP_LACK_MONEY,通信エラーが発生しました。,A communication error has occurred.
1,22005,ERROR_CODE_SHOP_ITEM_CAPACITY_OVER,"荷物がいっぱいのため
アイテムを受け取れませんでした。",
1,22006,ERROR_CODE_SHOP_PRICE_NO_MATCH,金額の変更があったためキャンセルしました。,
1,23000,ERROR_CODE_INN_INVALID_INN_NO,通信エラーが発生しました。,A communication error has occurred.
1,23001,ERROR_CODE_INN_LACK_MONEY,通信エラーが発生しました。,A communication error has occurred.
1,23002,ERROR_CODE_INN_PRICE_NO_MATCH,金額の変更があったためキャンセルしました。,
1,25000,ERROR_CODE_AREAMASTER_INVALID_AREA_NO,通信エラーが発生しました。,A communication error has occurred.
1,25001,ERROR_CODE_AREAMASTER_AREA_POINT_LACK,通信エラーが発生しました。,A communication error has occurred.
1,25002,ERROR_CODE_AREAMASTER_AREA_INFO_NOT_FOUND,通信エラーが発生しました。,A communication error has occurred.
1,25003,ERROR_CODE_AREAMASTER_PARTY_INFO_NOT_FOUND,通信エラーが発生しました。,A communication error has occurred.
1,25004,ERROR_CODE_AREAMASTER_PARTY_LEADER_INFO_NOT_FOUND,"パーティーリーダーの情報が取得できませんでした。
もう一度お試しください。",
1,25005,ERROR_CODE_AREAMASTER_NOT_YET_SUPPLY,通信エラーが発生しました。,A communication error has occurred.
1,25006,ERROR_CODE_AREAMASTER_INVALID_SUPPLY_STORAGE,通信エラーが発生しました。,A communication error has occurred.
1,25007,ERROR_CODE_AREAMASTER_INVALID_SUPPLY_INDEX,"支給品の情報が更新されました。
もう一度お試しください。",
1,25008,ERROR_CODE_AREAMASTER_INVALID_SUPPLY_NUM,"支給品の情報が更新されました。
もう一度お試しください。",
1,25009,ERROR_CODE_AREAMASTER_ALREADY_PURCHASED_QUEST_INFO,通信エラーが発生しました。,A communication error has occurred.
1,25010,ERROR_CODE_AREAMASTER_NOT_SCHEDULING_QUEST,"通信エラーが発生しました。
配信中ではないクエスト情報です。",
1,26000,ERROR_CODE_HTTP_INTERNAL_ERROR,通信エラーが発生しました。,A communication error has occurred.
1,27000,ERROR_CODE_JOBMASTER_INVALID_JOB_ID,通信エラーが発生しました。,A communication error has occurred.
1,27001,ERROR_CODE_JOBMASTER_ORDER_NOT_FOUND,通信エラーが発生しました。,A communication error has occurred.
1,28000,ERROR_CODE_BAZAAR_INTERNAL_ERROR,通信エラーが発生しました。,A communication error has occurred.
1,30001,ERROR_CODE_ENTRY_BOARD_ALREADY_JOIN,通信エラーが発生しました。,A communication error has occurred.
1,30002,ERROR_CODE_ENTRY_BOARD_ITEM_MAX,エントリーボードの登録上限を超えています。,
1,30003,ERROR_CODE_ENTRY_BOARD_NO_ITEM,エントリーボードに登録されていません。,
1,30004,ERROR_CODE_ENTRY_BOARD_NO_RECRUIT,エントリーボードの募集が終了しました。,
1,30005,ERROR_CODE_ENTRY_BOARD_PASSWARD_NG,パスワードが間違っています。,
1,30006,ERROR_CODE_ENTRY_BOARD_JOBLV_ERR,ジョブレベル条件を満たしていません。,
1,30007,ERROR_CODE_ENTRY_BOARD_NO_SPACE,"現在のジョブ、レベル、
アイテムランクでは参加できないか、
エントリーボードの受付が終了しました。",
1,30008,ERROR_CODE_ENTRY_BOARD_NOT_JOIN,エントリーボードに参加していません。,
1,30009,ERROR_CODE_ENTRY_BOARD_PAWN_READY,通信エラーが発生しました。,A communication error has occurred.
1,30010,ERROR_CODE_ENTRY_BOARD_NO_USER,通信エラーが発生しました。,A communication error has occurred.
1,30011,ERROR_CODE_ENTRY_BOARD_NOT_LEADER,通信エラーが発生しました。,A communication error has occurred.
1,30012,ERROR_CODE_ENTRY_BOARD_YET_UPDATETIME,通信エラーが発生しました。,A communication error has occurred.
1,30013,ERROR_CODE_ENTRY_BOARD_NO_PARTY,通信エラーが発生しました。,A communication error has occurred.
1,30014,ERROR_CODE_ENTRY_BOARD_RECREATE_NOT_LEADER,通信エラーが発生しました。,A communication error has occurred.
1,31000,ERROR_CODE_SERVER_CONNECT_NUM_OVER,"ただいまサーバーが混雑しています。
人数の空きができるまでお待ち頂く必要があります。",
1,32000,ERROR_CODE_MAIL_NOT_FOUND,通信エラーが発生しました。,A communication error has occurred.
1,32001,ERROR_CODE_MAIL_RECEIVED,通信エラーが発生しました。,A communication error has occurred.
1,32002,ERROR_CODE_MAIL_SEND,通信エラーが発生しました。,A communication error has occurred.
1,32003,ERROR_CODE_MAIL_GET_ITEM,通信エラーが発生しました。,A communication error has occurred.
1,34000,ERROR_CODE_GACHA_NOT_FOUND,"トレジャーズロットに接続できませんでした。
もう一度お試しください。",
1,34001,ERROR_CODE_GACHA_PRICE_NO_MATCH,"トレジャーズロットの購入価格が正しくありません。
もう一度お試しください。",
1,34002,ERROR_CODE_GACHA_BUY,トレジャーズロットの購入ができませんでした。,
1,35000,ERROR_CODE_ONLINE_STATUS_INVALID_STATUS_SETTING,通信エラーが発生しました。,A communication error has occurred.
1,12043,ERROR_CODE_QUEST_QUEST_STOP,"通信エラーが発生しました。
クエストが停止中です。",
1,9010,ERROR_CODE_MATCHING_NOT_PLAY_END,通信エラーが発生しました。,A communication error has occurred.
1,9011,ERROR_CODE_MATCHING_ALREADY_PLAY_END,通信エラーが発生しました。,A communication error has occurred.
1,13005,ERROR_CODE_CYCLE_CONTENTS_IS_NOT_PLAY,通信エラーが発生しました。,A communication error has occurred.
1,15019,ERROR_CODE_CHARACTER_NOT_RELEASE_CONTENTS,通信エラーが発生しました。,A communication error has occurred.
1,42000,ERROR_CODE_CONTENTS_RELEASE_NOT_PARTY_PLAY_WITH_PLAYER,"パーティープレイ機能が解放されていない
プレイヤーのため誘えませんでした。",
1,42001,ERROR_CODE_CONTENTS_RELEASE_NOT_PARTY_PLAY_WITH_PAWN,通信エラーが発生しました。,A communication error has occurred.
1,42002,ERROR_CODE_CONTENTS_RELEASE_NOT_WORLD_QUEST,通信エラーが発生しました。,A communication error has occurred.
1,42003,ERROR_CODE_CONTENTS_RELEASE_NOT_GRAND_MISSION,グランドミッションが解放されていません。,
1,42004,ERROR_CODE_CONTENTS_RELEASE_NOT_EXTREME_MISSION,コンテンツが解放されていません。,
1,42005,ERROR_CODE_CONTENTS_RELEASE_NOT_VISUAL_EQUIP,通信エラーが発生しました。,A communication error has occurred.
1,42006,ERROR_CODE_CONTENTS_RELEASE_NOT_RESTANIA_NEWS,通信エラーが発生しました。,A communication error has occurred.
1,42007,ERROR_CODE_CONTENTS_RELEASE_NOT_MASTER_HUNDBOOK,通信エラーが発生しました。,A communication error has occurred.
1,42008,ERROR_CODE_CONTENTS_RELEASE_NOT_RIM_WARP,通信エラーが発生しました。,A communication error has occurred.
1,42009,ERROR_CODE_CONTENTS_RELEASE_NOT_BLOOD_ORB_TRADE,通信エラーが発生しました。,A communication error has occurred.
1,42010,ERROR_CODE_CONTENTS_RELEASE_NOT_PAWN_CRAFT,通信エラーが発生しました。,A communication error has occurred.
1,42011,ERROR_CODE_CONTENTS_RELEASE_NOT_RIM_STONE,通信エラーが発生しました。,A communication error has occurred.
1,42012,ERROR_CODE_CONTENTS_RELEASE_NOT_QUEST_BOARD,通信エラーが発生しました。,A communication error has occurred.
1,42013,ERROR_CODE_CONTENTS_RELEASE_NOT_AREA_MASTER,通信エラーが発生しました。,A communication error has occurred.
1,42014,ERROR_CODE_CONTENTS_RELEASE_NOT_QUEST_HINT,通信エラーが発生しました。,A communication error has occurred.
1,42015,ERROR_CODE_CONTENTS_RELEASE_NOT_HIGH_LEVEL_JOB_ORDER_FOR_FIGHTER,通信エラーが発生しました。,A communication error has occurred.
1,42016,ERROR_CODE_CONTENTS_RELEASE_NOT_HIGH_LEVEL_JOB_ORDER_FOR_HUNTER,通信エラーが発生しました。,A communication error has occurred.
1,42017,ERROR_CODE_CONTENTS_RELEASE_NOT_HIGH_LEVEL_JOB_ORDER_FOR_PRIEST,通信エラーが発生しました。,A communication error has occurred.
1,42018,ERROR_CODE_CONTENTS_RELEASE_NOT_HIGH_LEVEL_JOB_ORDER_FOR_SHIELD_SAGE,通信エラーが発生しました。,A communication error has occurred.
1,42019,ERROR_CODE_CONTENTS_RELEASE_NOT_HIGH_LEVEL_JOB_ORDER_FOR_SEEKER,通信エラーが発生しました。,A communication error has occurred.
1,42020,ERROR_CODE_CONTENTS_RELEASE_NOT_HIGH_LEVEL_JOB_ORDER_FOR_SORCERER,通信エラーが発生しました。,A communication error has occurred.
1,42021,ERROR_CODE_CONTENTS_RELEASE_NOT_HIGH_LEVEL_JOB_ORDER_FOR_WARRIOR,通信エラーが発生しました。,A communication error has occurred.
1,42022,ERROR_CODE_CONTENTS_RELEASE_NOT_HIGH_LEVEL_JOB_ORDER_FOR_ELEMENT_ARCHER,通信エラーが発生しました。,A communication error has occurred.
1,42023,ERROR_CODE_CONTENTS_RELEASE_NOT_HIGH_LEVEL_JOB_ORDER_FOR_ALCHEMIST,通信エラーが発生しました。,A communication error has occurred.
1,42024,ERROR_CODE_CONTENTS_RELEASE_NOT_JOB_CHANGE,通信エラーが発生しました。,A communication error has occurred.
1,42025,ERROR_CODE_CONTENTS_RELEASE_NOT_CLAN,通信エラーが発生しました。,A communication error has occurred.
1,42026,ERROR_CODE_CONTENTS_RELEASE_NOT_MAIN_MENU,通信エラーが発生しました。,A communication error has occurred.
1,6003,ERROR_CODE_AUTH_NOT_COG_LOGIN,通信エラーが発生しました。,A communication error has occurred.
1,6004,ERROR_CODE_AUTH_INVALID_COMMON_KEY_SIZE,通信エラーが発生しました。,A communication error has occurred.
1,6005,ERROR_CODE_AUTH_INVALID_PASSWORD_SIZE,通信エラーが発生しました。,A communication error has occurred.
1,8034,ERROR_CODE_PARTY_STATE_SEQUENCE,通信エラーが発生しました。,A communication error has occurred.
1,8035,ERROR_CODE_PARTY_NOT_PARTY_JOIN,"パーティー参加希望中ではないため
パーティーへの誘いがキャンセルされました。",
1,10000,ERROR_CODE_QUICK_PARTY_INTERNAL,通信エラーが発生しました。,A communication error has occurred.
1,11011,ERROR_CODE_PAWN_NOT_LOST,通信エラーが発生しました。,A communication error has occurred.
1,11012,ERROR_CODE_PAWN_NG_WORD,"通信エラーが発生しました。
不正な情報が含まれています。",
1,11013,ERROR_CODE_PAWN_COMMENT_LENGTH_OVER,通信エラーが発生しました。,A communication error has occurred.
1,14017,ERROR_CODE_ITEM_INVALID_EQUIP_SEX,通信エラーが発生しました。,A communication error has occurred.
1,15020,ERROR_CODE_CHARACTER_NG_WORD,"通信エラーが発生しました。
不正な情報が含まれています。",
1,15021,ERROR_CODE_CHARACTER_COMMENT_LENGTH_OVER,通信エラーが発生しました。,A communication error has occurred.
1,18021,ERROR_CODE_CRAFT_INVALID_COLOR_MATERIAL,通信エラーが発生しました。,A communication error has occurred.
1,23003,ERROR_CODE_INN_PENALTY_HEALED,すでに弱化の状態は回復しています。,
1,28001,ERROR_CODE_BAZAAR_STATE_CHANGED,"状態が変更されました。
もう一度お試しください。",
1,34003,ERROR_CODE_GACHA_STORAGE_MAX,"アイテムポストに空きがないため
トレジャーズロットが行えませんでした。",
1,36000,ERROR_CODE_WEATHER_NOT_FOUND_LOOP_SCHEDULE,通信エラーが発生しました。,A communication error has occurred.
1,37000,ERROR_CODE_LOADING_SEND_REQ_FAILED,通信エラーが発生しました。,A communication error has occurred.
1,37001,ERROR_CODE_LOADING_NOT_FOUND_LOADING_INFO,通信エラーが発生しました。,A communication error has occurred.
1,38000,ERROR_CODE_STAMP_BONUS_IS_RECIEVED,通信エラーが発生しました。,A communication error has occurred.
1,39000,ERROR_CODE_RANKING_INTERNAL_ERROR,通信エラーが発生しました。,A communication error has occurred.
1,39001,ERROR_CODE_RANKING_CHANGE_STATE,ランキングの公開期間が終了しました。,
1,40000,ERROR_CODE_CLAN_INTERNAL_ERROR,通信エラーが発生しました。,A communication error has occurred.
1,40001,ERROR_CODE_CLAN_NO_COM_SESSION,通信エラーが発生しました。,A communication error has occurred.
1,40002,ERROR_CODE_CLAN_NOT_JOIN,クランに加入していません。,
1,40003,ERROR_CODE_CLAN_NO_AUTHORIZATION,権限がありません。,
1,40004,ERROR_CODE_CLAN_LEAVE_MASTER,"クランメンバーがいるため
クランマスターはクランを脱退出来ません。",
1,41000,ERROR_CODE_GP_INTERNAL_ERROR,通信エラーが発生しました。,A communication error has occurred.
1,41001,ERROR_CODE_GP_LACK_GP,"黄金石の期限が切れているため
処理が出来ませんでした。",
1,41002,ERROR_CODE_GP_BUY_LIMIT_OVER,購入出来る上限を超えています。,
1,41003,ERROR_CODE_GP_GET_CAP_NOT_FIND_SESSIONKEY_FROM_DB,通信エラーが発生しました。,A communication error has occurred.
1,41004,ERROR_CODE_GP_EXEC_CAP_TO_GP_HISTORY_GET_GP_FAILED,通信エラーが発生しました。,A communication error has occurred.
1,43000,ERROR_CODE_CONTROL_COMMON_MSG,現在この機能は使えません。,
1,42027,ERROR_CODE_CONTENTS_RELEASE_NOT_CREATE_SECOND_PAWN,通信エラーが発生しました。,A communication error has occurred.
1,42028,ERROR_CODE_CONTENTS_RELEASE_NOT_PARTY_MENU,通信エラーが発生しました。,A communication error has occurred.
1,42029,ERROR_CODE_CONTENTS_RELEASE_NOT_MAIN_MENU_ARISEN_PROFIEL,通信エラーが発生しました。,A communication error has occurred.
1,42030,ERROR_CODE_CONTENTS_RELEASE_NOT_MAIN_MENU_QUICK_PARTY,通信エラーが発生しました。,A communication error has occurred.
1,42031,ERROR_CODE_CONTENTS_RELEASE_NOT_ORB_ENEMY,通信エラーが発生しました。,A communication error has occurred.
1,42032,ERROR_CODE_CONTENTS_RELEASE_NOT_JOB_ORB_TREE,通信エラーが発生しました。,A communication error has occurred.
1,42033,ERROR_CODE_CONTENTS_RELEASE_NOT_JOB_ORB_TREE_FIGHTER,通信エラーが発生しました。,A communication error has occurred.
1,42034,ERROR_CODE_CONTENTS_RELEASE_NOT_JOB_ORB_TREE_HUNTER,通信エラーが発生しました。,A communication error has occurred.
1,42035,ERROR_CODE_CONTENTS_RELEASE_NOT_JOB_ORB_TREE_PRIEST,通信エラーが発生しました。,A communication error has occurred.
1,3014,ERROR_CODE_NET_NOT_CONNECT_SESSION_MANAGER_SERVER,通信エラーが発生しました。,A communication error has occurred.
1,3015,ERROR_CODE_NET_SESSION_MANAGER_SERVER_SEND_ERROR,通信エラーが発生しました。,A communication error has occurred.
1,6006,ERROR_CODE_AUTH_INVALID_DECODE_PASSWORD,通信エラーが発生しました。,A communication error has occurred.
1,6007,ERROR_CODE_AUTH_SESSION_KEY_GENERATE,通信エラーが発生しました。,A communication error has occurred.
1,6008,ERROR_CODE_AUTH_MULTIPLE_LOGIN,"同一のアカウントでログインされました。
サーバーから切断されます。",
1,18022,ERROR_CODE_CRAFT_INVALID_CRAFT_STAGE,通信エラーが発生しました。,A communication error has occurred.
1,22007,ERROR_CODE_SHOP_TEMPORARY_BLOCK,この施設は現在利用できません。,
1,44000,ERROR_CODE_EVENT_CODE_INTERNAL_ERROR,通信エラーが発生しました。,A communication error has occurred.
1,44001,ERROR_CODE_EVENT_CODE_EXPIRE,イベントコードの有効期限が切れています。,
1,44002,ERROR_CODE_EVENT_CODE_ALREADY_CODE,"入力されたイベントコードは
すでに使用済みです。",
1,44003,ERROR_CODE_EVENT_CODE_INVALID_CODE,"無効、または利用開始前の
イベントコードです。",
1,44004,ERROR_CODE_EVENT_CODE_ALREADY_EVENT,同じイベントコードはこれ以上利用できません。,
1,8036,ERROR_CODE_PARTY_INVITE_CANCELD,パーティーへの誘いがキャンセルされました。,
1,11014,ERROR_CODE_PAWN_INVALID,通信エラーが発生しました。,A communication error has occurred.
1,15022,ERROR_CODE_CHARACTER_INTERNAL,通信エラーが発生しました。,A communication error has occurred.
1,18023,ERROR_CODE_CRAFT_USE_EQUIP_ITEM,通信エラーが発生しました。,A communication error has occurred.
1,20003,ERROR_CODE_FRIEND_TARGET_IN_BLACK_LIST,ブラックリストに登録しているためできません。,
1,20004,ERROR_CODE_FRIEND_TARGET_ALREADY_FRIEND,すでにフレンド登録済みです。,
1,20005,ERROR_CODE_FRIEND_TARGET_ALREADY_APPLYING,すでにフレンド申請中です。,
1,20006,ERROR_CODE_FRIEND_TARGET_ALREADY_APPROVING,"フレンド申請がきているプレイヤーです。
コミュニティリストから承認してください。",
1,30015,ERROR_CODE_ENTRY_BOARD_PARTY_CREATE_MAX,通信エラーが発生しました。,A communication error has occurred.
1,45000,ERROR_CODE_COG_INTERNAL_ERROR,通信エラーが発生しました。,A communication error has occurred.
1,46000,ERROR_CODE_CHAT_TELL_CHARACTER_OFFLINE,通信エラーが発生しました。,A communication error has occurred.
1,46001,ERROR_CODE_CHAT_TELL_SESSION_LOST,通信エラーが発生しました。,A communication error has occurred.
1,47000,ERROR_CODE_GROUP_CHAT_CHARACTER_OFFLINE,オフラインのプレイヤーです。,
1,47001,ERROR_CODE_GROUP_CHAT_CHARACTER_ALREADY_IN_GROUP,"すでにグループチャットに
参加しているため誘えませんでした。",
1,47002,ERROR_CODE_GROUP_CHAT_CONTAIN_BLACK_LIST,ブラックリストに登録しているためできません。,
1,47003,ERROR_CODE_GROUP_CHAT_NOT_IN_GROUP,すでにグループチャットから退室しています。,
1,47004,ERROR_CODE_GROUP_CHAT_IN_DIFFERENT_GROUP,別のグループチャットに参加しているためできません。,
1,8037,ERROR_CODE_PARTY_INVITE_FAIL_REASON_SESSION_RETURN,相手のパーティーの都合により誘えませんでした。,
1,8038,ERROR_CODE_PARTY_INVITE_FAIL_REASON_JOIN_PREPARE,パーティー参加を行おうとしているメンバーがいるため誘えませんでした。,
1,8039,ERROR_CODE_PARTY_INVITE_SESSION_RETURN,"オフラインのパーティーメンバーが
いるため誘えませんでした。",
1,20007,ERROR_CODE_FRIEND_NOT_IN_APPLYING_LIST,申請中のプレイヤーはいません。,
1,20008,ERROR_CODE_FRIEND_NOT_IN_APPROVING_LIST,承認待ちのプレイヤーはいません。,
1,28002,ERROR_CODE_BAZAAR_EXHIBIT_NUM_OVER,出品可能数が０のため、新たに出品できません。,
1,8040,ERROR_CODE_PARTY_INVITE_FAIL_REASON_NOT_NORMAL_PARTY,"相手のパーティーがコンテンツ向けパーティーのため
誘うことができませんでした。",
1,8041,ERROR_CODE_PARTY_INVITE_NOT_NORMAL_PARTY,"コンテンツ向けパーティーのため
誘うことができませんでした。",
1,14018,ERROR_CODE_ITEM_CANNOT_STORE_STORAGE,"有効期限が切れているため、
アイテムを送れませんでした。",
1,11015,ERROR_CODE_PAWN_FAVORITE_NUM_OVER,お気に入りポーンはこれ以上追加できません。,
1,11016,ERROR_CODE_PAWN_ALREADY_FAVORITE,すでにお気に入りポーンに登録されています。,
1,8042,ERROR_CODE_PARTY_INVITE_LOBBY_NUM_OVER,"ロビーが混雑しているため
パーティーに誘えませんでした。",
1,8043,ERROR_CODE_PARTY_INVITE_FAIL_REASON_LOBBY_NUM_OVER,"ロビーが混雑しているため
相手のパーティーが合流できませんでした",
1,8044,ERROR_CODE_PARTY_INVITE_CANCEL_REASON_LOBBY_NUM_OVER,"招待者のいるロビーが混雑しているため
合流できませんでした",
1,2001,ERROR_CODE_SYSTEM_INTERNAL,通信エラーが発生しました。,A communication error has occurred.
1,11017,ERROR_CODE_PAWN_NOT_YOUR_FAVORITE,お気に入りポーンに登録していません。,
1,30016,ERROR_CODE_ENTRY_BOARD_RECREATE_SESSION_RETURN,通信エラーが発生しました。,A communication error has occurred.
1,47005,ERROR_CODE_GROUP_CHAT_CHARACTER_SESSION_LOST,回線切断中のため誘えませんでした。,
1,48000,ERROR_CODE_DLC_GET_AUTHID,通信エラーが発生しました。,A communication error has occurred.
1,48001,ERROR_CODE_DLC_GET_BOUGHTS,通信エラーが発生しました。,A communication error has occurred.
1,48002,ERROR_CODE_DLC_GET_HISTORIES,通信エラーが発生しました。,A communication error has occurred.
1,48003,ERROR_CODE_DLC_GET_CHARACTER_NAME,通信エラーが発生しました。,A communication error has occurred.
1,48004,ERROR_CODE_DLC_GET_LINEUP_NUM,通信エラーが発生しました。,A communication error has occurred.
1,48005,ERROR_CODE_DLC_NO_LINEUP,通信エラーが発生しました。,A communication error has occurred.
1,48006,ERROR_CODE_DLC_SET_LINEUP_NUM,通信エラーが発生しました。,A communication error has occurred.
1,48007,ERROR_CODE_DLC_ADD_HISTORY,通信エラーが発生しました。,A communication error has occurred.
1,48008,ERROR_CODE_DLC_CASH_DATA,通信エラーが発生しました。,A communication error has occurred.
1,48009,ERROR_CODE_DLC_GET_KEYWORD,通信エラーが発生しました。,A communication error has occurred.
1,48010,ERROR_CODE_DLC_NONE_KEYWORD,通信エラーが発生しました。,A communication error has occurred.
1,48011,ERROR_CODE_DLC_ITEM_STATUS,通信エラーが発生しました。,A communication error has occurred.
1,48012,ERROR_CODE_DLC_SEND_MAIL,通信エラーが発生しました。,A communication error has occurred.
1,48013,ERROR_CODE_DLC_PLATFORM_TYPE,通信エラーが発生しました。,A communication error has occurred.
1,45001,ERROR_CODE_COG_ACCESS_TOK_NONE,通信エラーが発生しました。,A communication error has occurred.
1,45002,ERROR_CODE_COG_ANALIZE_SESSION_KEY_CREATE,通信エラーが発生しました。,A communication error has occurred.
1,45003,ERROR_CODE_COG_ANALIZE_SESSION_KEY_REQ,通信エラーが発生しました。,A communication error has occurred.
1,45004,ERROR_CODE_COG_ANALIZE_SESSION_KEY,通信エラーが発生しました。,A communication error has occurred.
1,49000,ERROR_CODE_BLACK_LIST_ALREADY_REGISTER,すでにブラックリストに登録済みです。,
1,49001,ERROR_CODE_BLACK_LIST_REGISTER_LIMIT_OVER,これ以上ブラックリストに登録できません。,
1,49002,ERROR_CODE_BLACK_LIST_TARGET_IS_FRIEND,"フレンドまたは、フレンド申請中の相手
なのでブラックリストに登録できません。",
1,50000,ERROR_CODE_MATCHING_PROFILE_CHARACTER_OFFLINE,オフラインのプレイヤーです。,
1,51000,ERROR_CODE_ARISEN_PROFILE_CHARACTER_OFFLINE,オフラインのプレイヤーです。,
1,8045,ERROR_CODE_PARTY_INVITE_FAIL_REASON_ALREADY_INVITE,"そのプレイヤーは他のプレイヤーに
パーティー要請をしているため誘えません。",
1,40005,ERROR_CODE_CLAN_NOT_EXIST,対象メンバーはクランにいません。,
1,40006,ERROR_CODE_CLAN_JOIN_REQUEST_NOT_FOUND,クランへの加入申請はありません。,
1,40007,ERROR_CODE_CLAN_JOIN_REQUEST_ALREADY,すでに加入申請を行っています。,
1,40008,ERROR_CODE_CLAN_SCOUT_ENTRY_NOT_FOUND,対象のスカウトエントリー情報が見つかりません。,
1,40009,ERROR_CODE_CLAN_SCOUT_ENTRY_INVITE_NOT_FOUND,クランへの招待がキャンセルされました。,
1,40010,ERROR_CODE_CLAN_SCOUT_ENTRY_INVITE_ALREADY,すでに招待済みのプレイヤーです。,
1,10001,ERROR_CODE_QUICK_PARTY_SESSION_RETURN,回線切断中のメンバーがいるため申請出来ません。,
1,8046,ERROR_CODE_PARTY_LEADER_CHANGE_FAIL_NOT_SAME_STAGE,"メンバー全員が白竜神殿か、リムストーンのある
同じ拠点施設にいないため変更出来ません。",
1,8047,ERROR_CODE_PARTY_LEADER_CHANGE_FAIL_NOT_RELEASE_STAGE,解放済み拠点ではないためリーダー変更出来ません。,
1,8048,ERROR_CODE_PARTY_LEADER_CHANGE_FAIL_PARTY_WARP,同行ワープ中なのでリーダー変更出来ません。,
1,18024,ERROR_CODE_CRAFT_INTERNAL,通信エラーが発生しました。,A communication error has occurred.
1,40011,ERROR_CODE_CLAN_NG_WORD_NAME,このクラン名は使用できません。,
1,40012,ERROR_CODE_CLAN_NG_WORD_SHORT_NAME,このクランの略称は使用できません。,
1,40013,ERROR_CODE_CLAN_DUPLICATE_NAME,このクラン名はすでに使われています。,
1,40014,ERROR_CODE_CLAN_ALREADY_JOIN,すでにクランに所属しています。,
1,8049,ERROR_CODE_PARTY_INVITE_NOT_CANCEL,"すでに要請に対する処理が行われたため
キャンセルできませんでした。",
1,47006,ERROR_CODE_GROUP_CHAT_REGISTERED_BLACK_LIST,オフラインのプレイヤーです。,
1,44005,ERROR_CODE_EVENT_CODE_INPUT_LOCK,"イベントコードの利用が制限されているため、
入力ができませんでした。
しばらくたってから、再度お試しください。",
1,8050,ERROR_CODE_PARTY_INVITE_FAIL_REASON_LEAVE_LEADER,リーダーが変わったためキャンセルしました。,
1,10002,ERROR_CODE_QUICK_PARTY_NO_BOARD,"対象が無くなったため
クイックパーティーできません。",
1,40015,ERROR_CODE_CLAN_MEMBER_MAX,クランメンバー数が上限を超えています。,
1,40016,ERROR_CODE_CLAN_NOT_FOUND,このクランはすでに解散されています。,
1,11018,ERROR_CODE_PAWN_REGISTERD_DATA_NOT_FOUND,ポーンの情報が取得できませんでした。,
1,6009,ERROR_CODE_AUTH_DUPLICATE_DATA,通信エラーが発生しました。,A communication error has occurred.
1,10003,ERROR_CODE_QUICK_PARTY_PARTY_JOINING,"パーティー参加処理中のメンバーがいるため
クイックパーティーに登録できません。",
1,10004,ERROR_CODE_QUICK_PARTY_ENTRY_BOARD_ENTRY,"エントリーボード参加中のメンバーがいるため
クイックパーティーに登録できません。 ",
1,11019,ERROR_CODE_PAWN_REVIVE_PRICE_NO_MATCH,通信エラーが発生しました。,A communication error has occurred.
1,11020,ERROR_CODE_PAWN_REVIVE_NEED_GP_COURCE,＜<OPCS>＞の効果により利用可能です。,
1,30017,ERROR_CODE_ENTRY_BOARD_NOT_CREATE_QUICK_PARTY,"クイックパーティーに登録中のため
エントリーボードの募集はできません。",
1,30018,ERROR_CODE_ENTRY_BOARD_NOT_ENTRY_QUICK_PARTY,"クイックパーティーに登録中のため
エントリーボードに参加できません。",
1,40017,ERROR_CODE_CLAN_NOT_DELETE_MASTER,"クランに所属しているため
キャラクターを削除できません。",
1,14019,ERROR_CODE_ITEM_INVALID_ITEM_SORT,通信エラーが発生しました。,A communication error has occurred.
1,41005,ERROR_CODE_GP_EXEC_CAP_TO_GP_HISTORY_INTERRUPTION_FAILED,通信エラーが発生しました。,A communication error has occurred.
1,41006,ERROR_CODE_GP_SELECT_CAP_TO_GP_HISTORY_VERIFY_FAILED,通信エラーが発生しました。,A communication error has occurred.
1,41007,ERROR_CODE_GP_GETGP_GP_GET_FAILED,通信エラーが発生しました。,A communication error has occurred.
1,41008,ERROR_CODE_GP_GETGP_GP_GET_AFTER_INSURANCE_FAILED,通信エラーが発生しました。,A communication error has occurred.
1,41009,ERROR_CODE_GP_INSURANCE_USERINFO_GET_DB_FALIED,通信エラーが発生しました。,A communication error has occurred.
1,41010,ERROR_CODE_GP_INSURANCE_SESSIONKEY_GET_DB_FAILED,通信エラーが発生しました。,A communication error has occurred.
1,41011,ERROR_CODE_GP_INSURANCE_ITEMLIST_REQ_FALIED,通信エラーが発生しました。,A communication error has occurred.
1,41012,ERROR_CODE_GP_INSURANCE_ITEMLIST_ANALYZE_FALIED,通信エラーが発生しました。,A communication error has occurred.
1,41013,ERROR_CODE_GP_INSURANCE_ITEMLIST_SESSIONKEY_API_FAILED,通信エラーが発生しました。,A communication error has occurred.
1,41014,ERROR_CODE_GP_INSURANCE_ITEMLIST_ACCESSTOKEN_GET_DB_FAILED,通信エラーが発生しました。,A communication error has occurred.
1,41015,ERROR_CODE_GP_INSURANCE_ITEMLIST_SESSIONKEY_REQ_FAILED,通信エラーが発生しました。,A communication error has occurred.
1,41016,ERROR_CODE_GP_INSURANCE_ITEMLIST_OTHER_ERR,通信エラーが発生しました。,A communication error has occurred.
1,41017,ERROR_CODE_GP_INSURANCE_ITEMLIST_ANALYZER_GET_FAILED,通信エラーが発生しました。,A communication error has occurred.
1,41018,ERROR_CODE_GP_INSURANCE_BEGIN_FAILED,通信エラーが発生しました。,A communication error has occurred.
1,41019,ERROR_CODE_GP_INSURANCE_CAPTOGPHISTORIES_GET_DB_FAILED,通信エラーが発生しました。,A communication error has occurred.
1,41020,ERROR_CODE_GP_INSURANCE_CAPTOGP_UPDATE_FAILED,通信エラーが発生しました。,A communication error has occurred.
1,41021,ERROR_CODE_GP_INSURANCE_COMMIT_FAILED,通信エラーが発生しました。,A communication error has occurred.
1,41022,ERROR_CODE_GP_INSURANCE_SESSIONKEY_ANALYZE_FAILED,通信エラーが発生しました。,A communication error has occurred.
1,41023,ERROR_CODE_GP_INSURANCE_SESSIONKEY_GET_API_FAILED,通信エラーが発生しました。,A communication error has occurred.
1,41024,ERROR_CODE_GP_INSURANCE_SESSIONKEY_ANALYZER_GET_FAILED,通信エラーが発生しました。,A communication error has occurred.
1,41025,ERROR_CODE_GP_INSURANCE_SESSIONKEY_ITEMLIST_REQ_FAILED,通信エラーが発生しました。,A communication error has occurred.
1,41026,ERROR_CODE_GP_GETCAP_SESSIONKEY_GET_DB_FAILED,"CAPの取得に失敗しました。
オンラインショップを開き直すことで、
CAPの取得を再試行します。",
1,41027,ERROR_CODE_GP_GETCAP_GETCAP_REQ_FAILED,"CAPの取得に失敗しました。
オンラインショップを開き直すことで、
CAPの取得を再試行します。",
1,41028,ERROR_CODE_GP_GETCAP_GETCAP_ANALYZE_FALIED,"CAPの取得に失敗しました。
オンラインショップを開き直すことで、
CAPの取得を再試行します。",
1,41029,ERROR_CODE_GP_GETCAP_GETCAP_SESSIONKEY_API_FAILED,"CAPの取得に失敗しました。
オンラインショップを開き直すことで、
CAPの取得を再試行します。",
1,41030,ERROR_CODE_GP_GETCAP_GETCAP_ACCESSTOKEN_GET_DB_FAILED,"CAPの取得に失敗しました。
オンラインショップを開き直すことで、
CAPの取得を再試行します。",
1,41031,ERROR_CODE_GP_GETCAP_GETCAP_SESSIONKEY_REQ_FAILED,"CAPの取得に失敗しました。
オンラインショップを開き直すことで、
CAPの取得を再試行します。",
1,41032,ERROR_CODE_GP_GETCAP_GETCAP_OTHER_ERR,"CAPの取得に失敗しました。
オンラインショップを開き直すことで、
CAPの取得を再試行します。",
1,41033,ERROR_CODE_GP_GETCAP_GETCAP_ANALYZER_GET_FAILED,"CAPの取得に失敗しました。
オンラインショップを開き直すことで、
CAPの取得を再試行します。",
1,41034,ERROR_CODE_GP_GETCAP_SESSIONKEY_ANALYZE_FAILED,"CAPの取得に失敗しました。
オンラインショップを開き直すことで、
CAPの取得を再試行します。",
1,41035,ERROR_CODE_GP_GETCAP_SESSIONKEY_GET_API_FAILED,通信エラーが発生しました。,A communication error has occurred.
1,41036,ERROR_CODE_GP_GETCAP_SESSIONKEY_ANALYZER_GET_FAILED,"CAPの取得に失敗しました。
オンラインショップを開き直すことで、
CAPの取得を再試行します。",
1,41037,ERROR_CODE_GP_GETCAP_SESSIONKEY_GETCAP_REQ_FAILED,"CAPの取得に失敗しました。
オンラインショップを開き直すことで、
CAPの取得を再試行します。",
1,41038,ERROR_CODE_GP_CAPTOGP_CAPTOGPS_GET_DB_FAILED,"黄金石の購入に失敗しました。
※購入は行われておりません。

お手数ですが再度購入をお試しください。",
1,41039,ERROR_CODE_GP_CAPTOGP_SESSIONKEY_GET_DB_FALIED,"黄金石の購入に失敗しました。
※購入は行われておりません。

お手数ですが再度購入をお試しください。",
1,41040,ERROR_CODE_GP_CAPTOGP_GP_GET_DB_FAILED,"黄金石の購入に失敗しました。
※購入は行われておりません。

お手数ですが再度購入をお試しください。",
1,41041,ERROR_CODE_GP_CAPTOGP_USECAPVERIFY_REQ_FAILED,"黄金石の購入に失敗しました。
※購入は行われておりません。

お手数ですが再度購入をお試しください。",
1,41042,ERROR_CODE_GP_CAPTOGP_USECAPVERIFY_ANALYZE_FAILED,"黄金石の購入に失敗しました。
※購入は行われておりません。

お手数ですが再度購入をお試しください。",
1,47007,ERROR_CODE_GROUP_CHAT_GROUP_MEMBER_MAX,グループチャットの人数が上限を超えています。,
1,52000,ERROR_CODE_SUPPORT_POINT_STATUS_TYPE_INVALID,通信エラーが発生しました。,A communication error has occurred.
1,52001,ERROR_CODE_SUPPORT_POINT_SETTING_POINT_NOTHING,通信エラーが発生しました。,A communication error has occurred.
1,52002,ERROR_CODE_SUPPORT_POINT_CHAR_TYPE_INVALID,通信エラーが発生しました。,A communication error has occurred.
1,52003,ERROR_CODE_SUPPORT_POINT_INVALID_CHAR_ID,通信エラーが発生しました。,A communication error has occurred.
1,52004,ERROR_CODE_SUPPORT_POINT_USE_POINT_NOTHING,通信エラーが発生しました。,A communication error has occurred.
1,40018,ERROR_CODE_CLAN_CACHE_NOT_FOUND,"クランメンバーがオフラインのため
クラン情報が取得できませんでした。",
1,2002,ERROR_CODE_SYSTEM_CACHE_DB,通信エラーが発生しました。,A communication error has occurred.
1,41043,ERROR_CODE_GP_CAPTOGP_USECAPVERIFY_SESSIONKEY_API_FAILED,"黄金石の購入に失敗しました。
※購入は行われておりません。

お手数ですが再度購入をお試しください。",
1,41044,ERROR_CODE_GP_CAPTOGP_USECAPVERIFY_ACCESSTOKEN_GET_DB_FAILED,"黄金石の購入に失敗しました。
※購入は行われておりません。

お手数ですが再度購入をお試しください。",
1,41045,ERROR_CODE_GP_CAPTOGP_USECAPVERIFY_SESSIONKEY_REQ_FAILED,"黄金石の購入に失敗しました。
※購入は行われておりません。

お手数ですが再度購入をお試しください。",
1,41046,ERROR_CODE_GP_CAPTOGP_USECAPVERIFY_OTHER_ERR,"黄金石の購入に失敗しました。
※購入は行われておりません。

お手数ですが再度購入をお試しください。",
1,41047,ERROR_CODE_GP_CAPTOGP_USECAPVERIFY_ANALYZER_GET_FAILED,"黄金石の購入に失敗しました。
※購入は行われておりません。

お手数ですが再度購入をお試しください。",
1,41048,ERROR_CODE_GP_CAPTOGP_CAPTOGPHISTORIES_INSERT_FAILED,"黄金石の購入に失敗しました。
※購入は行われておりません。

お手数ですが再度購入をお試しください。",
1,41049,ERROR_CODE_GP_CAPTOGP_USECAPEXECUTE_REQ_FAILED,"黄金石の購入に失敗しました。
※購入は行われておりません。

お手数ですが再度購入をお試しください。",
1,41050,ERROR_CODE_GP_CAPTOGP_USECAPEXECUTE_ANALYZE_FAILED,"黄金石の購入処理に失敗しました。
再度オンラインショップを開き直し、
黄金石の状態をご確認ください。",
1,41051,ERROR_CODE_GP_CAPTOGP_USECAPEXECUTE_SESSIONKEY_API_FAILED,"黄金石の購入処理に失敗しました。
再度オンラインショップを開き直し、
黄金石の状態をご確認ください。",
1,41052,ERROR_CODE_GP_CAPTOGP_USECAPEXECUTE_ACCESSTOKEN_GET_DB_FAILED,"黄金石の購入処理に失敗しました。
再度オンラインショップを開き直し、
黄金石の状態をご確認ください。",
1,41053,ERROR_CODE_GP_CAPTOGP_USECAPEXECUTE_SESSIONKEY_REQ_FAILED,"黄金石の購入処理に失敗しました。
再度オンラインショップを開き直し、
黄金石の状態をご確認ください。",
1,41054,ERROR_CODE_GP_CAPTOGP_USECAPEXECUTE_OTHER_ERR,"黄金石の購入処理に失敗しました。
再度オンラインショップを開き直し、
黄金石の状態をご確認ください。",
1,41055,ERROR_CODE_GP_CAPTOGP_USECAPEXECUTE_ANALYZER_GET_FAILED,"黄金石の購入処理に失敗しました。
再度オンラインショップを開き直し、
黄金石の状態をご確認ください。",
1,41056,ERROR_CODE_GP_CAPTOGP_BEGIN_FAILED,"黄金石の購入処理に失敗しました。
再度オンラインショップを開き直し、
黄金石の状態をご確認ください。",
1,41057,ERROR_CODE_GP_CAPTOGP_CAPTOGP_UPDATE_FAILED,"黄金石の購入処理に失敗しました。
再度オンラインショップを開き直し、
黄金石の状態をご確認ください。",
1,41058,ERROR_CODE_GP_CAPTOGP_COMMIT_FAILED,"黄金石の購入処理に失敗しました。
再度オンラインショップを開き直し、
黄金石の状態をご確認ください。",
1,41059,ERROR_CODE_GP_CAPTOGP_SESSIONKEY_ANALYZE_FAILED,"黄金石の購入処理に失敗しました。
再度オンラインショップを開き直し、
黄金石の状態をご確認ください。",
1,41060,ERROR_CODE_GP_CAPTOGP_SESSIONKEY_GET_API_FAILED,通信エラーが発生しました。,A communication error has occurred.
1,41061,ERROR_CODE_GP_CAPTOGP_SESSIONKEY_ANALYZER_GET_FAILED,"黄金石の購入処理に失敗しました。
再度オンラインショップを開き直し、
黄金石の状態をご確認ください。",
1,41062,ERROR_CODE_GP_CAPTOGP_SESSIONKEY_USECAPVERIFY_REQ_FAILED,"黄金石の購入に失敗しました。
※購入は行われておりません。

お手数ですが再度購入をお試しください。",
1,41063,ERROR_CODE_GP_CAPTOGP_SESSIONKEY_USECAPEXECUTE_REQ_FAILED,"黄金石の購入処理に失敗しました。
再度オンラインショップを開き直し、
黄金石の状態をご確認ください。",
1,41064,ERROR_CODE_GP_SESSIONKEY_ACCESSTOKEN_GET_DB_FAILED,"カプリンクの処理に失敗しました。
カプリンクの機能を利用するには
ゲームに再度ログインし直してください。",
1,41065,ERROR_CODE_GP_SESSIONKEY_SESSIONKEY_API_FAILED,"カプリンクの処理に失敗しました。
カプリンクの機能を利用するには
ゲームに再度ログインし直してください。",
1,41066,ERROR_CODE_GP_SESSIONKEY_SESSIONKEY_GET_API_FAILED,通信エラーが発生しました。,A communication error has occurred.
1,41067,ERROR_CODE_GP_SESSIONKEY_SESSIONKEY_ANALYZE_FAILED,"カプリンクの処理に失敗しました。
カプリンクの機能を利用するには
ゲームに再度ログインし直してください。",
1,41068,ERROR_CODE_GP_SESSIONKEY_SESSIONKEY_ANALYZER_GET_FAILED,"カプリンクの処理に失敗しました。
カプリンクの機能を利用するには
ゲームに再度ログインし直してください。",
1,41069,ERROR_CODE_GP_AUTHCOG_NONE,通信エラーが発生しました。,A communication error has occurred.
1,41070,ERROR_CODE_GP_CAPTOGP_HISTORIES_FAILED,"黄金石の購入に失敗しました。
※購入は行われておりません。

お手数ですが再度購入をお試しください。",
1,41071,ERROR_CODE_GP_CAPTOGP_INSURANCE_FAILED,"黄金石の購入処理に失敗しました。
再度オンラインショップを開き直し、
黄金石の状態をご確認ください。",
1,11021,ERROR_CODE_PAWN_SERACH_NOT_SUPPORTED,通信エラーが発生しました。,A communication error has occurred.
1,11022,ERROR_CODE_PAWN_CHARACTER_NAME_SERACH_NOT_SUPPORTED,通信エラーが発生しました。,A communication error has occurred.
1,11023,ERROR_CODE_PAWN_NAME_SERACH_NOT_SUPPORTED,ポーン名検索の機能は使用できません。,
1,11024,ERROR_CODE_PAWN_FRIEND_SERACH_NOT_SUPPORTED,通信エラーが発生しました。,A communication error has occurred.
1,11025,ERROR_CODE_PAWN_CLAN_SERACH_NOT_SUPPORTED,通信エラーが発生しました。,A communication error has occurred.
1,11026,ERROR_CODE_PAWN_FAVORITE_SERACH_NOT_SUPPORTED,通信エラーが発生しました。,A communication error has occurred.
1,14020,ERROR_CODE_ITEM_INVALID_SLOT_USE,"有効期限が切れているため、
アイテムを送れませんでした。",
1,41072,ERROR_CODE_GP_COG_SESSIONKEY_GET_FAILED_LOGIN_REQ,"通信エラーが発生しました。
一度ゲームを終了してランチャーより
ログインし直してください。",
1,41073,ERROR_CODE_GP_ISENABLEINSERTGP_FAILED,黄金石を追加できませんでした。,
1,41074,ERROR_CODE_GP_INSERTGP_LIMIT_OVER,"黄金石が上限を超えてしまう為、
追加できませんでした。",
1,30019,ERROR_CODE_ENTRY_BOARD_ITEM_LIST_REQUEST_OVER,"エントリーボードの検索が混雑しています。
しばらくしてから、もう一度お試しください。",
1,30020,ERROR_CODE_ENTRY_BOARD_ITEM_CREATE_OVER,"エントリーボードの作成が混雑しています。
しばらくしてから、もう一度お試しください。",
1,14021,ERROR_CODE_ITEM_INVALID_STORAGE_TYPE_EQUIP,保管ボックスに装備品を送れませんでした。,
1,28003,ERROR_CODE_BAZAAR_EXHIBIT_ITEM_STACK_OVER,出品数の制限中です。詳しくはお知らせをご覧ください。,
1,30021,ERROR_CODE_ENTRY_BOARD_ITEM_SEARCH_ZERO,"エントリーボードの検索結果は０件でした。

フレンドリストやクランメンバーで
検索できない場合は、キャラクター名による
検索（完全一致）をお試しください。",
1,11027,ERROR_CODE_PAWN_CANNOT_REVIVE,すでにロストしているポーンです。,
1,16015,ERROR_CODE_INSTANCE_AREA_GATHERING_ITEM_SHORT_INTERVAL,"直前のアイテムの取得中です。
しばらくしてから、もう一度お試しください。",
1,1000,ERROR_CODE_DB_DUPLICATE_ENTRY,通信エラーが発生しました。,A communication error has occurred.
1,1001,ERROR_CODE_DB_DEAD_LOCK,通信エラーが発生しました。,A communication error has occurred.
1,25011,ERROR_CODE_AREAMASTER_STOP_SUPPLY_DISCARD,エリアマスターの支援品は捨てられません。,
1,41075,ERROR_CODE_GP_GP_COURCE_NOT_AVAILABLE,通信エラーが発生しました。,A communication error has occurred.
1,53000,ERROR_CODE_NET_CAFE_SET_LOGIN_FAILED,通信エラーが発生しました。,A communication error has occurred.
1,53001,ERROR_CODE_NET_CAFE_SET_LOGOUT_FAILED,通信エラーが発生しました。,A communication error has occurred.
1,53002,ERROR_CODE_NET_CAFE_BEGIN_COURSE_FAILED,通信エラーが発生しました。,A communication error has occurred.
1,53003,ERROR_CODE_NET_CAFE_GET_CHARACTER_PARAM_FAILED,通信エラーが発生しました。,A communication error has occurred.
1,53004,ERROR_CODE_NET_CAFE_REQ_SEND_MAIL_FAILED,通信エラーが発生しました。,A communication error has occurred.
1,54000,ERROR_CODE_DISPEL_BASE_NOT_MATCH,通信エラーが発生しました。,A communication error has occurred.
1,54001,ERROR_CODE_DISPEL_BASE_NUM_MATCH,通信エラーが発生しました。,A communication error has occurred.
1,54002,ERROR_CODE_DISPEL_LACK_MONEY,所持金が不足しています。,
1,28004,ERROR_CODE_BAZAAR_BUY_NUM_LIMIT,"バザーで一定時間内に購入できる回数を超えました。
しばらくたってから、再度お試しください。",
1,28005,ERROR_CODE_BAZAAR_BUY_PRICE_LIMIT,"バザーで一定時間内に購入できる価格を超えました。
しばらくたってから、再度お試しください。 ",
1,13006,ERROR_CODE_CYCLE_CONTENTS_PLAY_START_INVALID_SITUATION_LEVEL,"参加している戦況の配信が終了しました。
現在のパーティーを解散して
配信中の戦況にエントリーしてください。",
1,12044,ERROR_CODE_QUEST_SCRIPT_RESULT_ERROR,通信エラーが発生しました。,A communication error has occurred.
1,12045,ERROR_CODE_QUEST_SEQUENCE_NOT_MATCH,通信エラーが発生しました。,A communication error has occurred.
1,6010,ERROR_CODE_AUTH_INVALID_IP_ADDRESS,通信エラーが発生しました。,A communication error has occurred.
1,18025,ERROR_CODE_CRAFT_COLOR_RAGULETE_ITEM,通信エラーが発生しました。,A communication error has occurred.
1,41076,ERROR_CODE_GP_EFFECT_BUY_MAX,通信エラーが発生しました。,A communication error has occurred.
1,14022,ERROR_CODE_ITEM_CANNOT_LOAD_STORAGE,"有効期限が切れているため、
保管ボックスからアイテムを取り出せませんでした。",
1,40019,ERROR_CODE_CLAN_INTERVAL,インターバル期間のためできません。,
1,30022,ERROR_CODE_ENTRY_BOARD_RECREATE_ENTRY,"参加条件を満たしていないため
再エントリーに失敗しました。",
1,9012,ERROR_CODE_MATCHING_PLAY_START_ERROR,コンテンツの出撃に失敗しました。,
1,25012,ERROR_CODE_AREAMASTER_SUPPLY_NOT_AVAILABLE,"シーズン1.3で支援品の内容が変更されます。
変更前の支援品を受け取る場合は、
支援品の受け取りをもう一度実行してください。",
1,9013,ERROR_CODE_MATCHING_PLAY_ENTRY_IS_NOT_READY,"準備完了できなかったメンバーがいるため
コンテンツの出撃に失敗しました。 ",
1,18028,ERROR_CODE_CRAFT_SKILL_RESET_ZERO_POINT,"クラフトポイントが割り振られていないため
リセットできません。",
1,14023,ERROR_CODE_ITEM_ALREADY_HAVING,通信エラーが発生しました。,A communication error has occurred.
1,14024,ERROR_CODE_ITEM_NO_SELL_STORAGE,通信エラーが発生しました。,A communication error has occurred.
1,14025,ERROR_CODE_ITEM_EQUIP_JEWELRY_NUM_OVER,"プリセット適用に失敗しました。
装備しているジュエリーをはずして
保管ボックスに格納してください。",
1,15023,ERROR_CODE_CHARACTER_OFFLINE,通信エラーが発生しました。,A communication error has occurred.
1,16016,ERROR_CODE_INSTANCE_AREA_ENEMY_NOT_CREATED,通信エラーが発生しました。,A communication error has occurred.
1,16017,ERROR_CODE_INSTANCE_AREA_ENEMY_UNIT_DATA_NONE,通信エラーが発生しました。,A communication error has occurred.
1,16018,ERROR_CODE_INSTANCE_AREA_ENEMY_PRESET_NONE,通信エラーが発生しました。,A communication error has occurred.
1,18026,ERROR_CODE_CRAFT_RECIPE_CATEGORY_UNKNOWN,通信エラーが発生しました。,A communication error has occurred.
1,18027,ERROR_CODE_CRAFT_SAME_ITEM_AT_WORK,通信エラーが発生しました。,A communication error has occurred.
1,29008,ERROR_CODE_ORB_DEVOTE_NOT_OPEN_ORB_TREE,通信エラーが発生しました。,A communication error has occurred.
1,40020,ERROR_CODE_CLAN_NOT_LOADED,通信エラーが発生しました。,A communication error has occurred.
1,40021,ERROR_CODE_CLAN_NOT_PERMISSION,権限がありません。,
1,40022,ERROR_CODE_CLAN_NOT_INVITE_JOIN_REQUEST,通信エラーが発生しました。,A communication error has occurred.
1,40023,ERROR_CODE_CLAN_NOT_INVITE_ACCEPT_JOIN_REQUEST,通信エラーが発生しました。,A communication error has occurred.
1,41077,ERROR_CODE_GP_GP_COURSE_LINEUP_NOT_FOUND,通信エラーが発生しました。,A communication error has occurred.
1,41078,ERROR_CODE_GP_CHARACTER_CREATED_TIME_OVER,購入可能な期間を過ぎています。,
1,42036,ERROR_CODE_CONTENTS_RELEASE_NOT_JOB_ORB_TREE_SHIELD_SAGE,通信エラーが発生しました。,A communication error has occurred.
1,42037,ERROR_CODE_CONTENTS_RELEASE_NOT_JOB_ORB_TREE_SEEKER,通信エラーが発生しました。,A communication error has occurred.
1,42038,ERROR_CODE_CONTENTS_RELEASE_NOT_JOB_ORB_TREE_SORCERER,通信エラーが発生しました。,A communication error has occurred.
1,42039,ERROR_CODE_CONTENTS_RELEASE_NOT_JOB_ORB_TREE_WARRIOR,通信エラーが発生しました。,A communication error has occurred.
1,42040,ERROR_CODE_CONTENTS_RELEASE_NOT_JOB_ORB_TREE_ELEMENT_ARCHER,通信エラーが発生しました。,A communication error has occurred.
1,42041,ERROR_CODE_CONTENTS_RELEASE_NOT_JOB_ORB_TREE_ALCHEMIST,通信エラーが発生しました。,A communication error has occurred.
1,42042,ERROR_CODE_CONTENTS_RELEASE_NOT_WORLD_QUEST_KOTOU,通信エラーが発生しました。,A communication error has occurred.
1,42043,ERROR_CODE_CONTENTS_RELEASE_NOT_CHANGE_BGM_ISLAND,通信エラーが発生しました。,A communication error has occurred.
1,42044,ERROR_CODE_CONTENTS_RELEASE_NOT_MY_ROOM,通信エラーが発生しました。,A communication error has occurred.
1,42045,ERROR_CODE_CONTENTS_RELEASE_NOT_BAGGAGE,通信エラーが発生しました。,A communication error has occurred.
1,55000,ERROR_CODE_CAPLINK_INTERNAL_ERROR,通信エラーが発生しました。,A communication error has occurred.
1,55001,ERROR_CODE_CAPLINK_MAINTENANCE,通信エラーが発生しました。,A communication error has occurred.
1,55002,ERROR_CODE_CAPLINK_INVALID_KEY,通信エラーが発生しました。,A communication error has occurred.
1,55003,ERROR_CODE_CAPLINK_GET_ACHIEVE_REWARD_INVALID_PARAM,通信エラーが発生しました。,A communication error has occurred.
1,55004,ERROR_CODE_CAPLINK_GET_ACHIEVE_REWARD_REQ_FAILED,通信エラーが発生しました。,A communication error has occurred.
1,55005,ERROR_CODE_CAPLINK_GET_ACHIEVE_REWARD_SELECT_MBID_FAILD,通信エラーが発生しました。,A communication error has occurred.
1,55006,ERROR_CODE_CAPLINK_GET_ACHIEVE_REWARD_ANALYZE_FALIED,通信エラーが発生しました。,A communication error has occurred.
1,55007,ERROR_CODE_CAPLINK_GET_ACHIEVE_REWARD_OVER100,通信エラーが発生しました。,A communication error has occurred.
1,55008,ERROR_CODE_CAPLINK_GET_ACHIEVE_REWARD_OTHER_ERR,通信エラーが発生しました。,A communication error has occurred.
1,55009,ERROR_CODE_CAPLINK_GET_ACHIEVE_REWARD_ANALYZER_GET_FAILED,通信エラーが発生しました。,A communication error has occurred.
1,55010,ERROR_CODE_CAPLINK_GET_ACHIEVE_REWARD_REQ_CHECK_FAILED,通信エラーが発生しました。,A communication error has occurred.
1,55011,ERROR_CODE_CAPLINK_GET_ACHIEVE_REWARD_ALREADY_GAVE,通信エラーが発生しました。,A communication error has occurred.
1,55012,ERROR_CODE_CAPLINK_GET_ACHIEVE_REWARD_NOT_CLEARED,通信エラーが発生しました。,A communication error has occurred.
1,55013,ERROR_CODE_CAPLINK_GET_ACHIEVE_REWARD_REQ_GIVE_FAILED,通信エラーが発生しました。,A communication error has occurred.
1,55014,ERROR_CODE_CAPLINK_GET_ACHIEVE_USER_STATE_SELECT_MBID_FAILD,通信エラーが発生しました。,A communication error has occurred.
1,55015,ERROR_CODE_CAPLINK_GET_ACHIEVE_USER_STATE_REQ_FAILED,通信エラーが発生しました。,A communication error has occurred.
1,55016,ERROR_CODE_CAPLINK_GET_ACHIEVE_USER_STATE_ANALYZE_FALIED,通信エラーが発生しました。,A communication error has occurred.
1,55017,ERROR_CODE_CAPLINK_GET_ACHIEVE_USER_STATE_OVER100,通信エラーが発生しました。,A communication error has occurred.
1,55018,ERROR_CODE_CAPLINK_GET_ACHIEVE_USER_STATE_OTHER_ERR,通信エラーが発生しました。,A communication error has occurred.
1,55019,ERROR_CODE_CAPLINK_GET_ACHIEVE_USER_STATE_ANALYZER_GET_FAILED,通信エラーが発生しました。,A communication error has occurred.
1,55020,ERROR_CODE_CAPLINK_SET_ACHIEVE_USER_STATE_INVALID_PARAM,通信エラーが発生しました。,A communication error has occurred.
1,55021,ERROR_CODE_CAPLINK_SET_ACHIEVE_USER_STATE_SELECT_MBID_FAILD,通信エラーが発生しました。,A communication error has occurred.
1,55022,ERROR_CODE_CAPLINK_SET_ACHIEVE_USER_STATE_REQ_FAILED,通信エラーが発生しました。,A communication error has occurred.
1,55023,ERROR_CODE_CAPLINK_SET_ACHIEVE_USER_STATE_ANALYZE_FALIED,通信エラーが発生しました。,A communication error has occurred.
1,55024,ERROR_CODE_CAPLINK_SET_ACHIEVE_USER_STATE_OTHER_ERR,通信エラーが発生しました。,A communication error has occurred.
1,55025,ERROR_CODE_CAPLINK_SET_ACHIEVE_USER_STATE_ANALYZER_GET_FAILED,通信エラーが発生しました。,A communication error has occurred.
1,55026,ERROR_CODE_CAPLINK_SET_ACHIEVE_USER_STATE_SELECT_AUTHSID_FAILED,通信エラーが発生しました。,A communication error has occurred.
1,55027,ERROR_CODE_CAPLINK_SET_ACHIEVE_USER_STATE_SELECT_RETRY_FAILED,通信エラーが発生しました。,A communication error has occurred.
1,55028,ERROR_CODE_CAPLINK_SET_ACHIEVE_USER_STATE_INSERT_RETRY_FAILED,通信エラーが発生しました。,A communication error has occurred.
1,55029,ERROR_CODE_CAPLINK_SET_ACHIEVE_USER_STATE_DELETE_RETRY_FAILED,通信エラーが発生しました。,A communication error has occurred.
1,55030,ERROR_CODE_CAPLINK_GET_ACHIEVE_REWARD_SELECT_MAIL_KEYWORD_FAILD,通信エラーが発生しました。,A communication error has occurred.
1,55031,ERROR_CODE_CAPLINK_GET_ACHIEVE_REWARD_SEND_MAIL_FAILD,通信エラーが発生しました。,A communication error has occurred.
1,55032,ERROR_CODE_CAPLINK_SET_ACHIEVE_USER_STATE_RETRY_SELECT_MBID_FAILD,通信エラーが発生しました。,A communication error has occurred.
1,55033,ERROR_CODE_CAPLINK_SET_ACHIEVE_USER_STATE_RETRY_SELECT_AUTHSID_FAILED,通信エラーが発生しました。,A communication error has occurred.
1,55034,ERROR_CODE_CAPLINK_SET_ACHIEVE_USER_STATE_RETRY_SELECT_RETRY_FAILED,通信エラーが発生しました。,A communication error has occurred.
1,55035,ERROR_CODE_CAPLINK_SET_ACHIEVE_USER_STATE_RETRY_DELETE_RETRY_FAILED,通信エラーが発生しました。,A communication error has occurred.
1,55036,ERROR_CODE_CAPLINK_SET_ACHIEVE_USER_STATE_RETRY_REQ_FAILED,通信エラーが発生しました。,A communication error has occurred.
1,55037,ERROR_CODE_CAPLINK_SET_ACHIEVE_USER_STATE_RETRY_ANALYZE_FALIED,通信エラーが発生しました。,A communication error has occurred.
1,55038,ERROR_CODE_CAPLINK_SET_ACHIEVE_USER_STATE_RETRY_OTHER_ERR,通信エラーが発生しました。,A communication error has occurred.
1,55039,ERROR_CODE_CAPLINK_SET_ACHIEVE_USER_STATE_RETRY_ANALYZER_GET_FAILED,通信エラーが発生しました。,A communication error has occurred.
1,56000,ERROR_CODE_MY_ROOM_NO_PARTNER,通信エラーが発生しました。,A communication error has occurred.
1,56001,ERROR_CODE_MY_ROOM_CANNOT_REMOVE_FURNITURE,通信エラーが発生しました。,A communication error has occurred.
1,56002,ERROR_CODE_MY_ROOM_ALREADY_LAYOUT_FURNITURE,通信エラーが発生しました。,A communication error has occurred.
1,56003,ERROR_CODE_MY_ROOM_CANNOT_LIKABILITY_UP,通信エラーが発生しました。,A communication error has occurred.
1,56004,ERROR_CODE_MY_ROOM_LIKABILITY_MAX,通信エラーが発生しました。,A communication error has occurred.
1,56005,ERROR_CODE_MY_ROOM_NOT_PRESENT_ITEM,通信エラーが発生しました。,A communication error has occurred.
1,56006,ERROR_CODE_MY_ROOM_NOT_PRESENT_ITEM_NUM,通信エラーが発生しました。,A communication error has occurred.
1,56007,ERROR_CODE_MY_ROOM_LOST_PAWN_NOT_PARTNER,"ロスト中のポーンは
パートナーには設定できません。",
1,57000,ERROR_CODE_TREE_RELEASE_INVALID_ELEMENT_ID,通信エラーが発生しました。,A communication error has occurred.
1,57001,ERROR_CODE_TREE_RELEASE_REQUIREMENT_LACK,通信エラーが発生しました。,A communication error has occurred.
1,57002,ERROR_CODE_TREE_RELEASE_COST_LACK,通信エラーが発生しました。,A communication error has occurred.
1,57003,ERROR_CODE_TREE_RELEASE_ALREADY_RELEASE,通信エラーが発生しました。,A communication error has occurred.
1,57004,ERROR_CODE_TREE_RELEASE_ELEMENT_NOT_CONNECT,通信エラーが発生しました。,A communication error has occurred.
1,57005,ERROR_CODE_TREE_RELEASE_INTERNAL_ERROR,通信エラーが発生しました。,A communication error has occurred.
1,57006,ERROR_CODE_TREE_RELEASE_NOT_OPEN_TREE,通信エラーが発生しました。,A communication error has occurred.
1,40024,ERROR_CODE_CLAN_NOT_MASTER_AUTO_CHANGE,"前回ログイン日から時間がたっているため
マスター権限を委譲できません。",
1,11028,ERROR_CODE_PAWN_CANNOT_DELETE_PARTNER,通信エラーが発生しました。,A communication error has occurred.
1,14026,ERROR_CODE_ITEM_BAG_CAPACITY_OVER,通信エラーが発生しました。,A communication error has occurred.
1,14027,ERROR_CODE_ITEM_STORAGE_CAPACITY_OVER,通信エラーが発生しました。,A communication error has occurred.
1,14028,ERROR_CODE_ITEM_POST_CAPACITY_OVER,通信エラーが発生しました。,A communication error has occurred.
1,14029,ERROR_CODE_ITEM_CAPACITY_OVER,通信エラーが発生しました。,A communication error has occurred.
1,18029,ERROR_CODE_CRAFT_TIME_SAVE_NO_REMAIN_TIME,"まもなくアイテムの作成が完了するため
黄金石は使用できません。",
1,18030,ERROR_CODE_CRAFT_TIME_SAVE_COST_NOT_FOUND,通信エラーが発生しました。,A communication error has occurred.
1,2003,ERROR_CODE_SYSTEM_MASTERDATA_NOT_FOUND,通信エラーが発生しました。,A communication error has occurred.
1,42046,ERROR_CODE_CONTENTS_RELEASE_NOT_HIGH_LEVEL_JOB_ORDER_FOR_JOB_10,通信エラーが発生しました。,A communication error has occurred.
1,42047,ERROR_CODE_CONTENTS_RELEASE_NOT_JOB_ORB_TREE_JOB_10,通信エラーが発生しました。,A communication error has occurred.
1,58000,ERROR_CODE_BOX_GACHA_NOT_EXIST_ID,"トレジャーズロットの開催が終了しているため
ロットすることができません。",
1,58001,ERROR_CODE_BOX_GACHA_CLOSED,"トレジャーズロットの開催が終了しているため
ロットすることができません。",
1,58002,ERROR_CODE_BOX_GACHA_MORE_CAN_NOT_DRAW,"指定のプレイ回数では
ロットすることができません。

（残りのアイテム数が少ない、もしくは
対象ロットに特殊条件がある等の
可能性があります）
",
1,12046,ERROR_CODE_QUEST_CANT_MAIN_QUEST_JUMP,通信エラーが発生しました。,A communication error has occurred.
1,38001,ERROR_CODE_STAMP_BONUS_INTERNAL_ERROR,通信エラーが発生しました。,A communication error has occurred.
1,38002,ERROR_CODE_STAMP_BONUS_GET_ITEM,"アイテムポストに空きがないため、
ログインボーナスを受け取れませんでした。",
1,12047,ERROR_CODE_QUEST_DUMMY_COMMAND_NOT_PROGRESS,"クエストの進行に失敗しました。
ゲームに再度ログインし直してください。
",
1,12048,ERROR_CODE_QUEST_SET_BAN_ABILITIES,"以下のアビリティを装着中は出撃できません。

　新攻　新防
　月攻　月防
　雨攻　雨防",
1,12049,ERROR_CODE_QUEST_NOT_ENABLE_LIGHT_QUEST_GP,"現在は黄金石を使用して
ボードクエストをクリアできません。",
1,18033,ERROR_CODE_CRAFT_CREATE_FINISHED,"アイテムの作成が完了しているため
クラフトを中止できません。",
1,59007,ERROR_CODE_PAWN_EXPEDITION_CANNOT_LEAVE_CLAN,"ポーン遠征隊に派遣中のためできません。
ポーン遠征隊の報告を聞いてからお試しください。",
1,16019,ERROR_CODE_INSTANCE_AREA_TRANING_ROOM_ENEMY_NOT_FOUND,通信エラーが発生しました。,A communication error has occurred.
1,16020,ERROR_CODE_INSTANCE_AREA_CHARACTER_PARAM_NOT_FOUND,通信エラーが発生しました。,A communication error has occurred.
1,16021,ERROR_CODE_INSTANCE_AREA_TREASURE_POINT_ALWAYS_DISCOVERED,通信エラーが発生しました。,A communication error has occurred.
1,18031,ERROR_CODE_CRAFT_ELEMENT_SLOT_IS_LOCKED,通信エラーが発生しました。,A communication error has occurred.
1,18032,ERROR_CODE_CRAFT_CREATE_COUNT,通信エラーが発生しました。,A communication error has occurred.
1,34004,ERROR_CODE_GACHA_LIMIT,通信エラーが発生しました。,A communication error has occurred.
1,41079,ERROR_CODE_GP_PERIOD_OVER,購入可能な期間を過ぎています。,
1,42048,ERROR_CODE_CONTENTS_RELEASE_NOT_WORLD_QUEST_SINSYOKUMORI,通信エラーが発生しました。,A communication error has occurred.
1,42049,ERROR_CODE_CONTENTS_RELEASE_NOT_WORLD_QUEST_KIREIMORI,通信エラーが発生しました。,A communication error has occurred.
1,42050,ERROR_CODE_CONTENTS_RELEASE_NOT_WORLD_QUEST_HEIGEN,通信エラーが発生しました。,A communication error has occurred.
1,42051,ERROR_CODE_CONTENTS_RELEASE_NOT_WORLD_QUEST_KEIKOKU,通信エラーが発生しました。,A communication error has occurred.
1,42052,ERROR_CODE_CONTENTS_RELEASE_NOT_PLAY_POINT,通信エラーが発生しました。,A communication error has occurred.
1,58003,ERROR_CODE_BOX_GACHA_PRICE_NO_MATCH,通信エラーが発生しました。,A communication error has occurred.
1,58004,ERROR_CODE_BOX_GACHA_LIMIT,通信エラーが発生しました。,A communication error has occurred.
1,59000,ERROR_CODE_PAWN_EXPEDITION_POINTER_NOT_EXIST,通信エラーが発生しました。,A communication error has occurred.
1,59001,ERROR_CODE_PAWN_EXPEDITION_REWARD_BOX_ID_NOT_EXIST,通信エラーが発生しました。,A communication error has occurred.
1,59002,ERROR_CODE_PAWN_EXPEDITION_INVALID_ITEM_POS_ID,通信エラーが発生しました。,A communication error has occurred.
1,59003,ERROR_CODE_PAWN_EXPEDITION_ITEM_COUNT_ZERO,通信エラーが発生しました。,A communication error has occurred.
1,59004,ERROR_CODE_PAWN_EXPEDITION_ITEM_REQUEST_NUM_OVER,通信エラーが発生しました。,A communication error has occurred.
1,59005,ERROR_CODE_PAWN_EXPEDITION_INVALID_ITEM_ID,通信エラーが発生しました。,A communication error has occurred.
1,59006,ERROR_CODE_PAWN_EXPEDITION_TARGET_PAWN_NOT_EXIST,通信エラーが発生しました。,A communication error has occurred.
1,59008,ERROR_CODE_PAWN_EXPEDITION_DIFFERENT_PRICE,通信エラーが発生しました。,A communication error has occurred.
1,60000,ERROR_CODE_JOB_VALUE_SHOP_INVALID_JOB,通信エラーが発生しました。,A communication error has occurred.
1,60001,ERROR_CODE_JOB_VALUE_SHOP_INVALID_LINEUP_ID,通信エラーが発生しました。,A communication error has occurred.
1,60002,ERROR_CODE_JOB_VALUE_SHOP_VALUE_LACK,通信エラーが発生しました。,A communication error has occurred.
1,61000,ERROR_CODE_CLAN_SHOP_COST_LACK,クランポイントが足りないため購入できません。,
1,61001,ERROR_CODE_CLAN_SHOP_ALREADY_BOUGHT,既に購入済みのため購入できません。,
1,61002,ERROR_CODE_CLAN_SHOP_INVALID_LINEUP_ID,通信エラーが発生しました。,A communication error has occurred.
1,61003,ERROR_CODE_CLAN_SHOP_INTERNAL_ERROR,通信エラーが発生しました。,A communication error has occurred.
1,61004,ERROR_CODE_CLAN_SHOP_NOT_PERMISSION,クランポイントを使用する権限がありません。,
1,54003,ERROR_CODE_DISPEL_FURNITURE_DOUBLE,既に取得済みのため交換できません。,
1,59009,ERROR_CODE_PAWN_EXPEDITION_ALREADY_RECIEVE,通信エラーが発生しました。,A communication error has occurred.
1,59010,ERROR_CODE_PAWN_EXPEDITION_NOT_SALLY,ポーン遠征隊を派遣していません。,
1,18034,ERROR_CODE_CRAFT_CRAFT_BAGGAGE_EXTEND,冒険パスポートの効果が切れています。,
1,30023,,"同じクランメンバーでないか、
クランに加入していないため参加できません。",
1,14030,,"売却不可のアイテムが含まれているため
売却できません。",
1,59011,,通信エラーが発生しました。,A communication error has occurred.
1,12050,,"ポーンとの絆が足りないため
お願いを聞く事ができません。",
1,59012,,"現在、ポーン遠征隊の強化派遣はできません。
ポーン遠征隊は既に派遣中です。
黄金石は消費されません。",
1,14031,,"ここではアイテムポストから
アイテムバッグにアイテムを移動できません。",
1,16022,,通信エラーが発生しました。,A communication error has occurred.
1,16023,,通信エラーが発生しました。,A communication error has occurred.
1,16024,,通信エラーが発生しました。,A communication error has occurred.
1,16025,,キャンセルできませんでした。,
1,16026,,"パーティーメンバーと入場状態が
同期できていないため移動できませんでした。",
1,22008,,購入可能な期間を過ぎています。,
1,30024,,現在参加できません。,
1,42053,,通信エラーが発生しました。,A communication error has occurred.
1,42054,,通信エラーが発生しました。,A communication error has occurred.
1,42055,,通信エラーが発生しました。,A communication error has occurred.
1,42056,,通信エラーが発生しました。,A communication error has occurred.
1,42057,,通信エラーが発生しました。,A communication error has occurred.
1,42058,,通信エラーが発生しました。,A communication error has occurred.
1,42059,,通信エラーが発生しました。,A communication error has occurred.
1,42060,,通信エラーが発生しました。,A communication error has occurred.
1,42061,,通信エラーが発生しました。,A communication error has occurred.
1,42062,,通信エラーが発生しました。,A communication error has occurred.
1,42063,,通信エラーが発生しました。,A communication error has occurred.
1,46002,,通信エラーが発生しました。,A communication error has occurred.
1,62000,,通信エラーが発生しました。,A communication error has occurred.
1,62001,,通信エラーが発生しました。,A communication error has occurred.
1,62002,,通信エラーが発生しました。,A communication error has occurred.
1,62003,,通信エラーが発生しました。,A communication error has occurred.
1,62004,,通信エラーが発生しました。,A communication error has occurred.
1,62005,,通信エラーが発生しました。,A communication error has occurred.
1,62006,,通信エラーが発生しました。,A communication error has occurred.
1,62007,,現在イベント開催中ではありません。,
1,62008,,通信エラーが発生しました。,A communication error has occurred.
1,62009,,通信エラーが発生しました。,A communication error has occurred.
1,63000,,通信エラーが発生しました。,A communication error has occurred.
1,63001,,通信エラーが発生しました。,A communication error has occurred.
1,64000,,通信エラーが発生しました。,A communication error has occurred.
1,64001,,通信エラーが発生しました。,A communication error has occurred.
1,64002,,通信エラーが発生しました。,A communication error has occurred.
1,64003,,通信エラーが発生しました。,A communication error has occurred.
1,64004,,通信エラーが発生しました。,A communication error has occurred.
1,64005,,通信エラーが発生しました。,A communication error has occurred.
1,64006,,通信エラーが発生しました。,A communication error has occurred.
1,64007,,通信エラーが発生しました。,A communication error has occurred.
1,64008,,この名前は使用できません。,
1,64009,,通信エラーが発生しました。,A communication error has occurred.
1,64010,,通信エラーが発生しました。,A communication error has occurred.
1,64011,,通信エラーが発生しました。,A communication error has occurred.
1,64012,,通信エラーが発生しました。,A communication error has occurred.
1,64013,,通信エラーが発生しました。,A communication error has occurred.
1,64014,,通信エラーが発生しました。,A communication error has occurred.
1,64015,,"まもなくアイテムの作成が完了するため
黄金石は使用できません。 ",
1,64016,,通信エラーが発生しました。,A communication error has occurred.
1,64017,,通信エラーが発生しました。,A communication error has occurred.
1,64018,,通信エラーが発生しました。,A communication error has occurred.
1,64019,,通信エラーが発生しました。,A communication error has occurred.
1,64020,,通信エラーが発生しました。,A communication error has occurred.
1,65000,,通信エラーが発生しました。,A communication error has occurred.
1,65001,,通信エラーが発生しました。,A communication error has occurred.
1,65002,,通信エラーが発生しました。,A communication error has occurred.
1,65003,,通信エラーが発生しました。,A communication error has occurred.
1,65004,,通信エラーが発生しました。,A communication error has occurred.
1,66000,,通信エラーが発生しました。,A communication error has occurred.
1,66001,,通信エラーが発生しました。,A communication error has occurred.
1,66002,,通信エラーが発生しました。,A communication error has occurred.
1,66003,,通信エラーが発生しました。,A communication error has occurred.
1,66004,,通信エラーが発生しました。,A communication error has occurred.
1,66005,,通信エラーが発生しました。,A communication error has occurred.
1,66006,,通信エラーが発生しました。,A communication error has occurred.
1,66007,,通信エラーが発生しました。,A communication error has occurred.
1,66008,,通信エラーが発生しました。,A communication error has occurred.
1,66009,,通信エラーが発生しました。,A communication error has occurred.
1,66010,,通信エラーが発生しました。,A communication error has occurred.
1,66011,,通信エラーが発生しました。,A communication error has occurred.
1,66012,,通信エラーが発生しました。,A communication error has occurred.
1,66013,,通信エラーが発生しました。,A communication error has occurred.
1,66014,,通信エラーが発生しました。,A communication error has occurred.
1,66015,,通信エラーが発生しました。,A communication error has occurred.
1,66016,,通信エラーが発生しました。,A communication error has occurred.
1,67000,,通信エラーが発生しました。,A communication error has occurred.
1,67001,,通信エラーが発生しました。,A communication error has occurred.
1,67002,,通信エラーが発生しました。,A communication error has occurred.
1,67003,,通信エラーが発生しました。,A communication error has occurred.
1,67004,,通信エラーが発生しました。,A communication error has occurred.
1,67005,,通信エラーが発生しました。,A communication error has occurred.
1,67006,,通信エラーが発生しました。,A communication error has occurred.
1,67007,,通信エラーが発生しました。,A communication error has occurred.
1,67008,,通信エラーが発生しました。,A communication error has occurred.
1,68000,,通信エラーが発生しました。,A communication error has occurred.
1,68001,,通信エラーが発生しました。,A communication error has occurred.
1,34005,,"効能が切れているため、
対象のトレジャーズロットはご利用になれません。",
1,58005,,"効能が切れているため、
対象のトレジャーズロットはご利用になれません。",
1,48014,,"購入情報の更新処理に失敗しました。
しばらくしてからDLCステーションを
更新してください。",
1,48015,,"購入情報の更新処理に失敗しました。
しばらくしてからDLCステーションを
更新してください。",
1,48016,,"購入情報の更新処理に失敗しました。
しばらくしてからDLCステーションを
更新してください。",
1,48017,,"購入情報の更新処理に失敗しました。
しばらくしてからDLCステーションを
更新してください。",
1,48018,,"購入情報の更新処理に失敗しました。
しばらくしてからDLCステーションを
更新してください。",
1,48019,,"購入情報の更新処理に失敗しました。
しばらくしてからDLCステーションを
更新してください。",
1,48020,,"PlayStation™Networkが
メンテナンス中のため
購入情報を更新できませんでした。
メンテナンス情報をご確認ください。
",
1,48021,,"購入情報の更新処理に失敗しました。
しばらくしてからDLCステーションを
更新してください。",
1,48022,,"購入情報の更新処理に失敗しました。
しばらくしてからDLCステーションを
更新してください。
",
1,42064,,通信エラーが発生しました。,A communication error has occurred.
1,42065,,通信エラーが発生しました。,A communication error has occurred.
1,57007,,通信エラーが発生しました。,A communication error has occurred.
1,57008,,通信エラーが発生しました。,A communication error has occurred.
1,57009,,通信エラーが発生しました。,A communication error has occurred.
1,57010,,通信エラーが発生しました。,A communication error has occurred.
1,57011,,通信エラーが発生しました。,A communication error has occurred.
1,64021,,通信エラーが発生しました。,A communication error has occurred.
1,64022,,通信エラーが発生しました。,A communication error has occurred.
1,65005,,"パーティー内で試練の起動状態が
同期できていないため実行できませんでした。",
1,67009,,黄金石が足りないため購入できません。,
1,64023,,通信エラーが発生しました。,A communication error has occurred.
1,64024,,通信エラーが発生しました。,A communication error has occurred.
1,64025,,冒険パスポートの効果が切れています。,
1,65006,,"パーティー内で試練の起動状態が
同期できていないため実行できませんでした。 ",
1,65007,,通信エラーが発生しました。,A communication error has occurred.
1,69000,,通信エラーが発生しました。,A communication error has occurred.
1,69001,,通信エラーが発生しました。,A communication error has occurred.
1,69002,,通信エラーが発生しました。,A communication error has occurred.
1,69003,,通信エラーが発生しました。,A communication error has occurred.
1,70000,,通信エラーが発生しました。,A communication error has occurred.
1,70001,,通信エラーが発生しました。,A communication error has occurred.
1,70002,,通信エラーが発生しました。,A communication error has occurred.
1,70003,,通信エラーが発生しました。,A communication error has occurred.
1,70004,,通信エラーが発生しました。,A communication error has occurred.
1,12051,,通信エラーが発生しました。,A communication error has occurred.
1,12052,,通信エラーが発生しました。,A communication error has occurred.
1,12053,,通信エラーが発生しました。,A communication error has occurred.
1,12054,,"以下の装備品以外を装備しているため
コンテンツに出撃できません。

魔界村アーサー装備
魔界村プリンセス装備
魔界村アンダーウェア",
1,15024,,通信エラーが発生しました。,A communication error has occurred.
1,15025,,通信エラーが発生しました。,A communication error has occurred.
1,18035,,通信エラーが発生しました。,A communication error has occurred.
1,22009,,通信エラーが発生しました。,A communication error has occurred.
1,54004,,通信エラーが発生しました。,A communication error has occurred.
1,56008,,通信エラーが発生しました。,A communication error has occurred.
1,56009,,通信エラーが発生しました。,A communication error has occurred.
1,56010,,通信エラーが発生しました。,A communication error has occurred.
1,63002,,通信エラーが発生しました。,A communication error has occurred.
1,64026,,通信エラーが発生しました。,A communication error has occurred.
1,64027,,"黄金石の期限が切れているため
処理が出来ませんでした。 ",
1,67010,,通信エラーが発生しました。,A communication error has occurred.
1,68002,,通信エラーが発生しました。,A communication error has occurred.
1,70005,,黄金石が足りないため購入できません。,
1,70006,,"分解の残り回数を
リセットする必要がありません。",
1,70007,,"まもなくリセット回数がチャージされるため
黄金石は使用できません。",
1,71000,,通信エラーが発生しました。,A communication error has occurred.
1,71001,,通信エラーが発生しました。,A communication error has occurred.
1,44006,,イベントコードの有効期限外のため使用できません。,
1,12055,,現在、ミッションの配信期間外です。,
1,54005,,規定の交換回数に達したため交換できません。,
1,16027,,すべてのアイテムを受け取ってください。,
1,62010,,納品の受付期間外です。,
1,54006,,通信エラーが発生しました。,A communication error has occurred.
1,54007,,通信エラーが発生しました。,A communication error has occurred.
1,11029,,通信エラーが発生しました。,A communication error has occurred.
1,11030,,通信エラーが発生しました。,A communication error has occurred.
1,11031,,通信エラーが発生しました。,A communication error has occurred.
1,11032,,通信エラーが発生しました。,A communication error has occurred.
1,12056,,通信エラーが発生しました。,A communication error has occurred.
1,14032,,"セーフティ設定中のアイテムが
含まれているためできません。",
1,15026,,通信エラーが発生しました。,A communication error has occurred.
1,15027,,通信エラーが発生しました。,A communication error has occurred.
1,15028,,通信エラーが発生しました。,A communication error has occurred.
1,15029,,通信エラーが発生しました。,A communication error has occurred.
1,56011,,通信エラーが発生しました。,A communication error has occurred.
1,72000,,通信エラーが発生しました。,A communication error has occurred.
1,72001,,通信エラーが発生しました。,A communication error has occurred.
1,72002,,通信エラーが発生しました。,A communication error has occurred.
1,72003,,通信エラーが発生しました。,A communication error has occurred.
1,72004,,通信エラーが発生しました。,A communication error has occurred.
1,72005,,通信エラーが発生しました。,A communication error has occurred.
1,72006,,通信エラーが発生しました。,A communication error has occurred.
1,72007,,通信エラーが発生しました。,A communication error has occurred.
1,73000,,通信エラーが発生しました。,A communication error has occurred.
1,73001,,通信エラーが発生しました。,A communication error has occurred.
1,73002,,通信エラーが発生しました。,A communication error has occurred.
1,73003,,通信エラーが発生しました。,A communication error has occurred.
1,73004,,通信エラーが発生しました。,A communication error has occurred.
1,65008,,通信エラーが発生しました。,A communication error has occurred.
1,8051,,現在このプレイヤーは誘えません。,
1,42066,,通信エラーが発生しました。,A communication error has occurred.
1,73005,,通信エラーが発生しました。,A communication error has occurred.
1,73006,,通信エラーが発生しました。,A communication error has occurred.
1,73007,,通信エラーが発生しました。,A communication error has occurred.
1,73008,,通信エラーが発生しました。,A communication error has occurred.
1,73009,,通信エラーが発生しました。,A communication error has occurred.
1,73010,,現在このコンテンツはプレイできません。,
1,74000,,通信エラーが発生しました。,A communication error has occurred.
1,74001,,通信エラーが発生しました。,A communication error has occurred.
1,74002,,通信エラーが発生しました。,A communication error has occurred.
1,74003,,通信エラーが発生しました。,A communication error has occurred.
1,74004,,通信エラーが発生しました。,A communication error has occurred.
1,74005,,通信エラーが発生しました。,A communication error has occurred.
1,74006,,通信エラーが発生しました。,A communication error has occurred.
1,74007,,通信エラーが発生しました。,A communication error has occurred.
1,74008,,通信エラーが発生しました。,A communication error has occurred.
1,75000,,通信エラーが発生しました。,A communication error has occurred.
1,75001,,通信エラーが発生しました。,A communication error has occurred.
1,75002,,通信エラーが発生しました。,A communication error has occurred.
1,75003,,通信エラーが発生しました。,A communication error has occurred.
1,75004,,通信エラーが発生しました。,A communication error has occurred.
1,76000,,通信エラーが発生しました。,A communication error has occurred.
1,77000,,このジョブでは使用できません。,
1,54008,,"通信に失敗しました。
しばらくしてから、もう一度お試しください。 ",
1,65009,,"この区画は大開拓が行われていないため
試練が解放できません。",
1,72008,,通信エラーが発生しました。,A communication error has occurred.
1,73011,,"パーティーメンバー全員が
拠点にいないためできません。",
1,12057,,クエストを破棄できませんでした。,
1,14033,,アイテムの更新情報がありません。,
1,62011,,"報酬受け取り期間ではないので
受け取れません。",
1,14034,,"初期装備品以外を装備しているため
ジョブチェンジに失敗しました。",
1,65010,,パーティーリーダーが不在のためできません。,
1,59013,,"ポーン遠征隊に派遣中のためできません。
派遣後、30日以上経過すると除名できます。",
1,18036,,通信エラーが発生しました。,A communication error has occurred.
1,18037,,通信エラーが発生しました。,A communication error has occurred.
1,18038,,通信エラーが発生しました。,A communication error has occurred.
1,70008,,通信エラーが発生しました。,A communication error has occurred.
1,18039,,通信エラーが発生しました。,A communication error has occurred.
1,78000,,"ミッションの期間が過ぎたため、
受け取れません。
",The mission time period has expired. It can't be redeemed.